наименование	производитель	код
	Не определен	69045
	Не определен	69787
	Не определен	72259
	Не определен	50101
	Не определен	50101
	Не определен	50101
	solgar Vitamin and Herb	57641
	solgar Vitamin and Herb	52396
	Не определен	27136
	Не определен	67039
	Не определен	47274
	guangxi Shua Helth care Products Co., Lt	68876
	Не определен	71371
	Не определен	65252
	Не определен	67464
	Не определен	57466
	Не определен	71079
	Не определен	71079
	Не определен	50958
	Не определен	67641
	Не определен	67641
	Не определен	66435
	Не определен	66453
	Не определен	66453
	Не определен	66367
	procter&Gamble	72649
	procter&Gamble	72650
	Не определен	49099
	Не определен	66593
	Не определен	69923
	Не определен	35590
	Не определен	73313
	Не определен	52984
	Не определен	67572
	Не определен	71135
	Не определен	71135
	Не определен	69493
	Не определен	72627
	Не определен	63511
	Не определен	63546
	Не определен	71330
	sANO INTERNATIONAL LTD	72841
	Не определен	73302
	Не определен	68622
	Не определен	71429
	Не определен	69723
	Не определен	38346
	guangxi Shua Helth care Products Co., Lt	69131
	guangxi Shua Helth care Products Co., Lt	69132
	Не определен	62625
	Не определен	48932
	Не определен	36533
	Не определен	36533
	Не определен	36462
	Не определен	36462
	Не определен	36462
	Не определен	53867
	Не определен	35288
	Не определен	35288
	Не определен	33386
	Не определен	63614
	Не определен	72628
	Не определен	71137
	Не определен	72629
	Не определен	67370
	Не определен	71952
	Не определен	72451
	pro Vista AG	69582
	pharmygiene-Scat	70610
	Не определен	64321
	Не определен	69486
	Не определен	39629
	Не определен	72059
	Не определен	71705
	Не определен	71491
	Не определен	70243
	Не определен	72736
	Не определен	68699
	Не определен	72876
	Не определен	69687
	Не определен	69902
	Не определен	69902
	Не определен	68719
	Не определен	68719
	Не определен	70914
	Не определен	70822
	gillete CN CN	72422
	Не определен	46904
	Не определен	59321
	Не определен	69652
	Не определен	73067
	Не определен	69105
	Не определен	70308
	Не определен	69567
	Не определен	64280
	Не определен	69460
	Не определен	69460
	Не определен	59005
	Не определен	69529
	Не определен	72137
	Не определен	72138
	Не определен	65665
	Не определен	65665
	Не определен	60719
	Не определен	72453
	Не определен	66743
	Не определен	72454
	Не определен	73102
	Не определен	67759
	Не определен	67759
	Не определен	68308
	quanzhou Tayue Sanitary Products	72140
	Не определен	68309
	Не определен	67483
	quanzhou Tayue Sanitary Products	72651
	Не определен	50602
	hangzhou Credible Sanitary Produ	64540
	kimberli Klark	65615
	kimberli Klark	65615
	Не определен	72001
	solgar Vitamin and Herb	70613
	Не определен	69454
	Не определен	73217
	Не определен	71872
	Не определен	71872
	Не определен	72292
	Не определен	71939
	Не определен	72281
	Не определен	27146
	Не определен	27146
	Не определен	60402
	Не определен	58816
	Не определен	68653
	Не определен	72515
	Не определен	71848
	Не определен	66871
	Не определен	66871
	ningbo Raffini Import&Export Co.Ltd	72890
	yiwu Kikis Baby Products Co., Lt	72978
	Не определен	72979
	Не определен	63632
	guangzhou Yiya Cosmetics Co., Ltd	72737
	Не определен	72213
	Не определен	72156
	Не определен	72156
	Не определен	73259
	marko Antonetto	72456
	Не определен	71507
	Не определен	72965
	Не определен	64079
	Не определен	72955
	Не определен	72181
	Не определен	68481
	Не определен	32609
	Не определен	45301
	Не определен	47119
	nesti Dante S.R.L.	70419
	Не определен	47621
	Не определен	73219
	Не определен	72947
	Не определен	73161
	Не определен	73010
	Не определен	50513
	Не определен	50513
	Не определен	48056
	Не определен	48543
	Не определен	48295
	Не определен	50627
	Не определен	48908
	Не определен	49034
	Не определен	49111
	Не определен	58582
	Не определен	49233
	Не определен	49233
	Не определен	64445
	Не определен	64446
	Не определен	37809
	Не определен	70655
	Не определен	70705
	Не определен	70706
	Не определен	73071
	"NESTLE WATERS SUPPLY EST"	34144
	Не определен	64163
	Не определен	30657
	Не определен	73017
	Не определен	73191
	Не определен	73192
	Не определен	47116
	Не определен	40774
	Не определен	37980
	Не определен	37982
	Не определен	71306
	Не определен	72913
	Не определен	72862
	Не определен	73170
	Не определен	72350
	Не определен	72350
	bio Fresh Ltd	71789
	bio-International Co.Ltd	60267
	zhongshan-Kang-Yi-Ran Sanitary P	64145
	ningbo Raffini Import&Export Co.Ltd	72980
	ningbo Raffini Import&Export Co.Ltd	72095
	ningbo Raffini Import&Export Co.Ltd	72981
	ningbo Longco Commodity Co., LTD.	66160
	Не определен	72777
	Не определен	72777
	Не определен	71768
	Не определен	50856
	Не определен	69316
	tZMO S.A.	41892
	Не определен	48963
	tZMO S.A.	66856
	Не определен	46682
	Не определен	68146
	Не определен	72153
	Не определен	72966
	Не определен	73014
	Не определен	71081
	Не определен	73011
	Не определен	73012
	Не определен	73078
	Не определен	73013
	Не определен	67573
	Не определен	68785
	Не определен	68785
	Не определен	72786
	Не определен	67643
	Не определен	68069
	ultra Health Products Inc	73215
	Не определен	71395
	shenzhen V-Care Co., Ltd	71000
	cHANGXING KINGKE IMPORT & EXPORT	65262
	tirupati Lifesciences Private Li	72977
	Не определен	43707
	Не определен	63257
	Не определен	65009
	Не определен	64576
	Не определен	72815
	Не определен	72816
	Не определен	44488
	Не определен	72562
	Не определен	30942
	Не определен	31394
	Не определен	49607
	Не определен	63258
	Не определен	44686
	Не определен	44686
	Не определен	31849
	Не определен	72779
	Не определен	30881
	Не определен	72524
	Не определен	57828
	Не определен	57828
	Не определен	68832
	Не определен	70090
	Не определен	60078
	Не определен	31689
	Не определен	31475
	Не определен	32054
	Не определен	32054
	Не определен	32540
	Не определен	30928
	Не определен	70291
	Не определен	55560
	Не определен	27369
	Не определен	66748
	Не определен	70030
	Не определен	36185
	Не определен	64392
	Не определен	73022
	catalent/Berlin-chemie	59885
	Не определен	72351
	Не определен	68827
	Не определен	32196
	Не определен	32196
	Не определен	59590
	leo Laboratories	60891
	Не определен	60109
	Не определен	27159
	Не определен	57767
	menarini A.	70608
	Не определен	42755
	Не определен	46274
	Не определен	54225
	Не определен	66113
	Не определен	66113
	Не определен	66113
	Не определен	63347
	Не определен	70635
	"Eagle Nutrionals, Inc." US	30718
	Не определен	66168
	Не определен	66168
	Не определен	72911
	Не определен	64908
	Не определен	49360
	rompharm	69890
	Не определен	70124
	Не определен	69388
	Не определен	69388
	Не определен	60964
	Не определен	30312
	Не определен	69446
	Не определен	59343
	Не определен	49256
	Не определен	49253
	Не определен	35911
	astrazeneca/Bristol Myers Squibb	72310
	Не определен	72054
	rottendorf Pharma/Bionorica	59710
	rottendorf Pharma/Merz	54760
	jadran Galenskiy laboratorij	62219
	jadran Galenskiy laboratorij	62219
	Не определен	68888
	Не определен	69866
	Не определен	68591
	Не определен	71326
	Не определен	73169
	Не определен	55889
	Не определен	55929
	Не определен	72273
	Не определен	71325
	Не определен	72164
	Не определен	71841
	Не определен	33938
	Не определен	72212
	s.M.B. Technology SA	71215
	Не определен	42587
	Не определен	66433
	Не определен	33924
	Не определен	67175
	Не определен	66906
	Не определен	54084
	Не определен	55732
	Не определен	63813
	Не определен	62777
	Не определен	71739
	"Eagle Nutrionals, Inc." US	49321
	Не определен	69889
	Не определен	72961
	Не определен	69631
	Не определен	27193
	Не определен	64710
	Не определен	61344
	Не определен	64360
	Не определен	68316
	Не определен	70814
	Не определен	73069
	Не определен	73227
	Не определен	60843
	Не определен	51283
	Не определен	36190
	Не определен	27210
	Не определен	71296
	Не определен	73293
	Не определен	69571
	Не определен	63543
	Не определен	63543
	Не определен	69608
	Не определен	69608
	Не определен	69608
	sanofi Winthrop Industrie	71224
	sanofi Winthrop Industrie	71224
	sanofi Winthrop Industrie	69303
	Не определен	69153
	Не определен	38258
	Не определен	27215
	Не определен	37498
	Не определен	50177
	balkanpharma Troyan	70562
	Не определен	27218
	Не определен	27218
	Не определен	27218
	Не определен	27219
	Не определен	68137
	Не определен	60481
	Не определен	67873
	Не определен	27227
	Не определен	69738
	Не определен	59807
	Не определен	72521
	Не определен	65462
	Не определен	73134
	Не определен	68361
	Не определен	68361
	Не определен	27233
	Не определен	62521
	Не определен	62521
	Не определен	27235
	Не определен	55245
	takeda	71405
	takeda	65796
	takeda	65796
	Не определен	71951
	Не определен	73271
	catalent Germany Eberbach/Teva P	66905
	alfa Wassermann spa/Alfasigma S.p.A.	71797
	alfasigma_	72082
	alfa Wassermann spa/Alfasigma S.p.A.	71794
	alfa Wassermann spa/Alfasigma S.p.A.	70920
	alfa Wassermann spa/Alfasigma S.p.A.	70921
	Не определен	72958
	Не определен	56096
	biofarma S.r.l.	69192
	sofar Swiss SA.	72582
	Не определен	69827
	Не определен	73260
	Не определен	71666
	Не определен	71666
	Не определен	27248
	Не определен	62623
	Не определен	62623
	Не определен	27249
	Не определен	27249
	Не определен	70076
	Не определен	71021
	Не определен	71202
	Не определен	71203
	Не определен	69981
	Не определен	71551
	Не определен	70077
	Не определен	71066
	Не определен	71126
	Не определен	71126
	Не определен	70237
	Не определен	72898
	Не определен	71102
	Не определен	71102
	Не определен	27252
	Не определен	27252
	Не определен	35468
	Не определен	58174
	Не определен	52722
	Не определен	53113
	Не определен	71992
	Не определен	71993
	Не определен	70876
	Не определен	70876
	teva Pharma S.L.U Spain	72829
	teva	68664
	teva	68664
	Не определен	71588
	Не определен	60107
	Не определен	68878
	Не определен	68878
	sandoz	65418
	Не определен	65802
	Не определен	27265
	Не определен	30298
	Не определен	30298
	Не определен	30298
	Не определен	30298
	Не определен	66770
	Не определен	71324
	Не определен	68247
	Не определен	66953
	Не определен	71011
	Не определен	27273
	Не определен	57243
	Не определен	66924
	Не определен	66924
	"Nutrilo GmbH"	27279
	Не определен	47946
	Не определен	56517
	Не определен	56517
	Не определен	73199
	Не определен	72406
	Не определен	72377
	Не определен	58376
	Не определен	73279
	Не определен	73288
	Не определен	64506
	Не определен	63249
	Не определен	66158
	Не определен	57289
	Не определен	30562
	"Eagle Nutrionals, Inc." US	46727
	Не определен	27286
	Не определен	66179
	Не определен	38034
	natur Produkt	61346
	Не определен	72533
	Не определен	30462
	Не определен	50573
	pez Production Europe Kft. HU	66139
	pez Production Europe Kft. HU	66139
	Не определен	27305
	Не определен	72365
	Не определен	73244
	Не определен	71087
	Не определен	62104
	Не определен	70017
	Не определен	71683
	Не определен	73185
	Не определен	70956
	Не определен	70527
	Не определен	51619
	Не определен	51619
	Не определен	70662
	Не определен	71482
	Не определен	27315
	Не определен	27315
	Не определен	40067
	astraZeneca	52204
	Не определен	72177
	Не определен	72178
	Не определен	62627
	Не определен	72092
	rovi Pharma Industrial Services	71264
	merck Sharp@Dohme	55713
	merck Sharp@Dohme	55713
	rovi Pharma Industrial Services	72028
	rovi Pharma Industrial Services	72028
	rovi Pharma Industrial Services	68234
	hennig Arzneimittel GmbH&Co	62910
	Не определен	63278
	Не определен	63278
	Не определен	72591
	Не определен	71560
	medana Pharma	70143
	Не определен	33281
	Не определен	33281
	Не определен	71563
	Не определен	58237
	Не определен	72846
	Не определен	64430
	Не определен	57329
	Не определен	58936
	dr. Gerhard Mann	68187
	bausch@Lomb.	73287
	Не определен	44005
	dr.Gerhard Mann, Chem.-Pharm.Fabrik GmbH	73172
	dr.Gerhard Mann, Chem.-Pharm.Fabrik GmbH	73173
	pharmaLinea d.o.o.	72353
	Не определен	63774
	world Medicine Ilac	66934
	mefar Ilac Sanayii A.S	67804
	ameriPharma Labs LLC/Unipharm,In	72987
	Не определен	63102
	Не определен	72557
	Не определен	27328
	Не определен	27329
	Не определен	73094
	Не определен	40250
	"Eurosirel s.r.l."	36117
	"Eurosirel s.r.l."	36117
	Не определен	67712
	Не определен	66880
	natur Produkt	71650
	Не определен	55381
	Не определен	73177
	Не определен	73178
	Не определен	73179
	Не определен	35336
	Не определен	32739
	Не определен	58097
	Не определен	58097
	Не определен	47796
	Не определен	39119
	Не определен	64197
	Не определен	33487
	Не определен	38164
	Не определен	72820
	Не определен	72988
	Не определен	72856
	Не определен	56203
	Не определен	67635
	Не определен	67635
	Не определен	73087
	Не определен	69854
	Не определен	70752
	Не определен	55699
	Не определен	55699
	Не определен	69690
	Не определен	69262
	Не определен	37329
	Не определен	72611
	Не определен	64393
	Не определен	72800
	Не определен	68542
	Не определен	68542
	Не определен	71104
	Не определен	72201
	Не определен	65869
	Не определен	70643
	Не определен	30362
	Не определен	30362
	Не определен	32899
	Не определен	32899
	Не определен	65071
	Не определен	56115
	Не определен	55690
	Не определен	69727
	Не определен	27365
	Не определен	69640
	Не определен	61328
	Не определен	61328
	Не определен	68173
	Не определен	68173
	delpharm Montreal Inc	67690
	Не определен	57833
	Не определен	59874
	Не определен	52296
	Не определен	58397
	Не определен	33654
	Не определен	58568
	Не определен	71763
	Не определен	36551
	Не определен	68391
	Не определен	73073
	Не определен	72996
	Не определен	45991
	Не определен	64538
	Не определен	41133
	Не определен	68620
	salutas Pharma Gmbh	72276
	salutas Pharma Gmbh	72276
	gedeon Richter	69957
	Не определен	61887
	Не определен	32123
	Не определен	32122
	Не определен	31140
	Не определен	72295
	Не определен	65008
	Не определен	72397
	Не определен	69870
	Не определен	62158
	Не определен	30885
	Не определен	31035
	Не определен	32024
	Не определен	31320
	Не определен	71064
	Не определен	71985
	Не определен	30843
	Не определен	30843
	Не определен	72620
	Не определен	73162
	Не определен	72949
	Не определен	72950
	Не определен	33597
	Не определен	60894
	Не определен	60015
	Не определен	45896
	Не определен	50776
	medico domus d.o.o	72387
	Не определен	64909
	Не определен	64342
	Не определен	47793
	Не определен	36649
	Не определен	34772
	Не определен	34772
	Не определен	67880
	Не определен	71431
	Не определен	71278
	Не определен	71278
	Не определен	71602
	Не определен	72222
	Не определен	54774
	Не определен	72808
	Не определен	72809
	Не определен	64475
	Не определен	58823
	Не определен	65190
	Не определен	67271
	salutas Pharma Gmbh	69089
	salutas Pharma Gmbh	69089
	Не определен	27405
	Не определен	27405
	Не определен	64341
	Не определен	64341
	Не определен	70896
	opella Healthcare Hungary Ltd	72559
	Не определен	68319
	Не определен	72616
	Не определен	69461
	Не определен	73048
	Не определен	73090
	Не определен	73136
	Не определен	72081
	Не определен	72320
	Не определен	63901
	Не определен	67925
	Не определен	64233
	Не определен	68924
	Не определен	68924
	Не определен	73145
	Не определен	70003
	Не определен	65364
	Не определен	72321
	Не определен	73024
	Не определен	69152
	Не определен	69152
	Не определен	69152
	Не определен	68496
	Не определен	68496
	Не определен	40708
	Не определен	70708
	Не определен	38819
	Не определен	38819
	Не определен	39710
	Не определен	39710
	Не определен	61836
	gedeon Richter	68657
	Не определен	70078
	Не определен	63642
	Не определен	66279
	Не определен	37030
	Не определен	39496
	Не определен	63051
	Не определен	37342
	Не определен	49855
	Не определен	32198
	Не определен	62600
	Не определен	71297
	Не определен	64091
	Не определен	27429
	Не определен	71220
	Не определен	52706
	Не определен	27433
	jNTL Consumer Health (France) S.	69099
	Не определен	67085
	grenszach Prodycthions	72245
	Не определен	48223
	Не определен	27439
	gP Grenzach Produktions GmbH	72908
	Не определен	72635
	gP Grenzach Produktions GmbH	71950
	Не определен	67895
	Не определен	58229
	Не определен	58922
	Не определен	27445
	Не определен	72263
	Не определен	32214
	Не определен	27449
	delpharm Reims	73234
	Не определен	73077
	Не определен	73077
	delpharm Reims	72653
	Не определен	30371
	Не определен	35195
	moldex Metric AG	72018
	Не определен	51631
	nordePlast	71476
	Не определен	53473
	Не определен	64353
	Не определен	64353
	Не определен	56179
	solgar Vitamin and Herb	59859
	Не определен	71358
	Не определен	58627
	Не определен	62912
	egis	54824
	Не определен	35846
	Не определен	27457
	Не определен	68937
	Не определен	63562
	Не определен	63562
	Не определен	69047
	Не определен	69047
	Не определен	71117
	abbott Laboratories	56420
	Не определен	58927
	abbot	69412
	Не определен	27462
	Не определен	71407
	Не определен	33935
	Не определен	60304
	Не определен	70241
	Не определен	70241
	Не определен	70247
	Не определен	72394
	Не определен	65900
	Не определен	57287
	Не определен	37052
	Не определен	72123
	Не определен	70579
	Не определен	68552
	Не определен	36152
	Не определен	59497
	Не определен	68934
	Не определен	70184
	Не определен	62823
	Не определен	61800
	Не определен	72357
	Не определен	72563
	Не определен	57616
	Не определен	56064
	Не определен	57520
	Не определен	72721
	Не определен	27475
	Не определен	39854
	Не определен	39854
	Не определен	30395
	Не определен	30395
	Не определен	66814
	Не определен	72385
	Не определен	63424
	Не определен	73294
	Не определен	32641
	Не определен	27474
	Не определен	51064
	Не определен	66751
	Не определен	66751
	Не определен	27483
	Не определен	27483
	Не определен	30643
	Не определен	60451
	Не определен	73032
	Не определен	65312
	Не определен	72873
	Не определен	71715
	Не определен	69340
	Не определен	69598
	Не определен	69598
	Не определен	27492
	bausch@Lomb.	61571
	bausch@Lomb.	61572
	Не определен	68517
	Не определен	68517
	Не определен	69908
	polpharma Pharm.Works	67862
	polpharma Pharm.Works	72960
	polpharma Pharm.Works	72960
	polpharma Pharm.Works	72960
	polpharma Pharm.Works	72960
	ningbo Raffini Import&Export Co.Ltd	58291
	ningbo Raffini Import&Export Co.Ltd	57268
	ningbo Longco Commodity Co., LTD.	56880
	ningbo Raffini Import&Export Co.Ltd	57269
	ningbo Raffini Import&Export Co.Ltd	57269
	Не определен	72322
	Не определен	72867
	Не определен	73137
	Не определен	72914
	Не определен	72914
	Не определен	73200
	Не определен	72844
	Не определен	72844
	Не определен	51880
	Не определен	51880
	Не определен	66354
	Не определен	72209
	Не определен	33922
	Не определен	71480
	pfizer	65540
	pfizer	65540
	Не определен	33411
	Не определен	33411
	Не определен	68300
	Не определен	68300
	Не определен	49388
	Не определен	49388
	Не определен	49388
	Не определен	69406
	Не определен	67668
	Не определен	65079
	Не определен	69989
	Не определен	70636
	Не определен	70084
	Не определен	70027
	laboratorios Medicamentos Intern	71720
	Не определен	66002
	Не определен	30301
	Не определен	27508
	Не определен	27508
	Не определен	55362
	Не определен	64364
	Не определен	70377
	Не определен	70377
	Не определен	72598
	penn Pharmaceutical Services Lim	67104
	Не определен	69976
	Не определен	72223
	"IDS BORJOMI GEORGIA"	41682
	"IDS BORJOMI GEORGIA"	41682
	Не определен	64707
	Не определен	67579
	Не определен	32869
	Не определен	50891
	Не определен	27516
	Не определен	36801
	Не определен	60966
	Не определен	60966
	Не определен	60966
	Не определен	33415
	Не определен	32986
	Не определен	39845
	Не определен	71347
	Не определен	66103
	Не определен	72962
	Не определен	35762
	astrazeneca/Bristol Myers Squibb	71132
	Не определен	60892
	Не определен	70117
	Не определен	72172
	Не определен	72172
	Не определен	63081
	Не определен	66972
	Не определен	62926
	lundbeck	58952
	lundbeck	58906
	lundbeck	58906
	Не определен	63403
	rompharm	71225
	Не определен	56971
	Не определен	56971
	Не определен	73081
	Не определен	71095
	Не определен	71095
	Не определен	73062
	gedeon Richter	69230
	Не определен	71337
	a.Nattermann	71876
	Не определен	73096
	Не определен	68900
	Не определен	27534
	lozen Pharma Pvt. Ltd.	68571
	bosnalijek d.d.	71180
	bosnalijek d.d.	71180
	Не определен	45506
	Не определен	30626
	Не определен	72203
	Не определен	63926
	Не определен	65732
	Не определен	28338
	Не определен	28338
	Не определен	66086
	Не определен	30397
	Не определен	29003
	Не определен	31894
	Не определен	66090
	losan Pharma GmbH/Doctor Falk Ph	62994
	Не определен	37964
	Не определен	61295
	Не определен	64146
	Не определен	58601
	Не определен	58601
	Не определен	72323
	Не определен	72500
	Не определен	72502
	Не определен	72499
	Не определен	72501
	delpharm Reims	72877
	Не определен	66873
	Не определен	65302
	bubchen	40377
	bubchen	73208
	Не определен	31709
	Не определен	27691
	Не определен	72525
	Не определен	60041
	Не определен	63259
	Не определен	57749
	Не определен	61894
	Не определен	40744
	Не определен	42280
	Не определен	42278
	Не определен	40738
	Не определен	40737
	Не определен	42273
	Не определен	40742
	Не определен	42276
	Не определен	40776
	Не определен	48960
	Не определен	27601
	Не определен	31239
	Не определен	31114
	Не определен	30977
	Не определен	71883
	"Eagle Nutrionals, Inc." US	59448
	Не определен	31420
	Не определен	66907
	Не определен	66908
	Не определен	32874
	Не определен	39626
	Не определен	64171
	Не определен	61506
	Не определен	66979
	Не определен	66979
	Не определен	63864
	Не определен	46535
	Не определен	27542
	"Eagle Nutrionals, Inc." US	41973
	Не определен	51149
	Не определен	37860
	Не определен	73193
	Не определен	44059
	Не определен	56404
	Не определен	52493
	Не определен	58805
	Не определен	49080
	Не определен	49080
	Не определен	61289
	Не определен	73210
	Не определен	43300
	Не определен	30566
	Не определен	61864
	Не определен	66708
	Не определен	36092
	Не определен	36092
	Не определен	36092
	balkanpharma Troyan	71269
	balkanpharma	70850
	balkanpharma	70850
	Не определен	72842
	Не определен	72840
	Не определен	71541
	Не определен	72438
	Не определен	50775
	Не определен	52392
	Не определен	52392
	Не определен	43319
	Не определен	63264
	Не определен	72450
	Не определен	72450
	Не определен	71856
	Не определен	72341
	Не определен	63290
	Не определен	65744
	Не определен	62633
	Не определен	27569
	Не определен	65013
	Не определен	67835
	Не определен	69326
	Не определен	51725
	Не определен	68574
	Не определен	67883
	Не определен	67638
	Не определен	70619
	Не определен	72511
	Не определен	70925
	Не определен	71938
	Не определен	64751
	Не определен	72907
	Не определен	71456
	Не определен	69305
	Не определен	69737
	Не определен	69293
	Не определен	72933
	Не определен	64400
	Не определен	69790
	Не определен	27578
	astellas Pharma Europe	70000
	Не определен	27579
	egis	55092
	Не определен	43708
	Не определен	55842
	Не определен	51848
	Не определен	66437
	Не определен	66210
	Не определен	66210
	Не определен	51468
	Не определен	72090
	Не определен	72090
	Не определен	59893
	Не определен	40551
	Не определен	48530
	Не определен	66503
	Не определен	72346
	Не определен	67499
	Не определен	69578
	Не определен	67109
	Не определен	30481
	Не определен	27593
	Не определен	70192
	Не определен	70192
	Не определен	51956
	Не определен	70985
	Не определен	70985
	Не определен	56919
	"Eagle Nutrionals, Inc." US	50941
	Не определен	59474
	Не определен	50069
	Не определен	40006
	Не определен	65792
	Не определен	27610
	Не определен	70127
	Не определен	56852
	Не определен	27613
	Не определен	27613
	Не определен	27614
	Не определен	54108
	aNCOROTTI COSMETICS S.P.A.	66368
	Не определен	50586
	Не определен	57723
	Не определен	27615
	sentiss Pharma PVT.LTD	54825
	bayer Weimar	68884
	bayer Weimar	72355
	bayer Weimar	72355
	Не определен	69427
	janssen pharmaceutica	54731
	janssen pharmaceutica	71516
	Не определен	61656
	Не определен	71037
	Не определен	55270
	Не определен	73222
	Не определен	73222
	Не определен	62423
	Не определен	45361
	Не определен	71129
	Не определен	71129
	Не определен	64019
	Не определен	64019
	Не определен	73097
	Не определен	68470
	Не определен	60318
	vitabiotics Ltd	67975
	Не определен	47509
	Не определен	69583
	Не определен	73112
	Не определен	73112
	biovencer Healthcare	71613
	Не определен	46049
	Не определен	46049
	Не определен	71030
	Не определен	73076
	pez Production Europe Kft. HU	65429
	Не определен	27637
	Не определен	32929
	Не определен	70214
	Не определен	73044
	j.Luehders GmbH Zum Reiherhorst 6, 21435	73225
	j.Luehders GmbH Zum Reiherhorst 6, 21435	73226
	Не определен	63163
	Не определен	27642
	Не определен	27643
	Не определен	41119
	"Eagle Nutrionals, Inc." US	43494
	Не определен	27646
	Не определен	56410
	walmark	72603
	walmark	65997
	walmark	73100
	Не определен	71350
	Не определен	58603
	Не определен	27660
	Не определен	27660
	Не определен	62776
	Не определен	59189
	Не определен	61481
	Не определен	62782
	Не определен	62644
	Не определен	62644
	Не определен	70777
	Не определен	70777
	Не определен	73154
	Не определен	73155
	Не определен	70778
	tZMO S.A.	73159
	Не определен	27672
	Не определен	33931
	Не определен	33931
	Не определен	69298
	Не определен	69298
	Не определен	72615
	Не определен	64179
	Не определен	64179
	Не определен	33074
	Не определен	33074
	Не определен	30399
	delpharm Huningue S.A.S.	54272
	Не определен	61706
	Не определен	39890
	Не определен	27681
	Не определен	35849
	Не определен	35849
	Не определен	27684
	Не определен	27684
	Не определен	42739
	Не определен	67037
	Не определен	66180
	Не определен	43618
	Не определен	58373
	Не определен	71886
	Не определен	46562
	Не определен	46562
	Не определен	31961
	Не определен	31961
	Не определен	63254
	Не определен	71887
	Не определен	63255
	Не определен	52244
	Не определен	52244
	Не определен	39160
	Не определен	69680
	Не определен	27815
	Не определен	27815
	Не определен	73327
	Не определен	64256
	Не определен	73212
	Не определен	73212
	Не определен	53431
	Не определен	53431
	Не определен	70931
	Не определен	56161
	Не определен	27695
	Не определен	27697
	Не определен	72725
	ningbo Raffini Import&Export Co.Ltd	71696
	pliva Hrvatska	54533
	pliva Hrvatska	54533
	Не определен	27703
	Не определен	63889
	Не определен	61004
	Не определен	30498
	Не определен	30498
	Не определен	48476
	Не определен	49238
	Не определен	43158
	Не определен	43158
	Не определен	27708
	Не определен	27708
	Не определен	59993
	Не определен	56120
	Не определен	56681
	Не определен	27711
	unique Pharmaceutical Lab	71114
	unique Pharmaceutical Lab	71819
	Не определен	64565
	Не определен	64565
	Не определен	41329
	Не определен	71669
	Не определен	72050
	Не определен	62131
	Не определен	32729
	Не определен	32626
	Не определен	32626
	Не определен	69725
	Не определен	34556
	Не определен	63410
	Не определен	70144
	Не определен	43795
	Не определен	60672
	Не определен	54150
	Не определен	43613
	Не определен	44876
	Не определен	44876
	Не определен	52313
	Не определен	69317
	Не определен	65209
	Не определен	72863
	Не определен	44607
	Не определен	71542
	Не определен	61218
	merz Pharmaceuticals Gmbh	66511
	Не определен	27733
	Не определен	27733
	Не определен	70533
	Не определен	67736
	Не определен	70047
	Не определен	70047
	Не определен	42992
	vetProm AD	72857
	Не определен	35721
	Не определен	35721
	Не определен	56052
	Не определен	72667
	Не определен	27736
	Не определен	38662
	Не определен	72613
	Не определен	73175
	Не определен	73326
	abbvie S.r.L	71050
	abbvie S.r.L	72006
	abbvie S.r.L	72006
	Не определен	73082
	Не определен	73082
	Не определен	65253
	Не определен	65253
	Не определен	65235
	Не определен	68527
	Не определен	71276
	Не определен	27750
	Не определен	64991
	Не определен	72843
	Не определен	41667
	Не определен	63162
	Не определен	63162
	Не определен	72858
	Не определен	56767
	biologische Heilmittel Heel GmbH	71814
	Не определен	71399
	Не определен	71399
	Не определен	71427
	haupt Pharma Amareg GmbH/Medinov	70806
	Не определен	71460
	Не определен	58810
	Не определен	71384
	Не определен	70606
	Не определен	72368
	Не определен	70824
	Не определен	70824
	Не определен	27765
	opella Healthcare Hungary Ltd	65902
	opella Healthcare Hungary Ltd	65902
	Не определен	27767
	Не определен	27772
	Не определен	73095
	catalent Italy S.p.A.	72370
	Не определен	60204
	Не определен	62335
	Не определен	70195
	Не определен	72608
	Не определен	72968
	Не определен	72968
	Не определен	65509
	Не определен	72895
	Не определен	72895
	Не определен	67052
	Не определен	66234
	Не определен	71826
	Не определен	57249
	Не определен	72093
	Не определен	72093
	Не определен	27792
	Не определен	71558
	Не определен	71558
	Не определен	71558
	Не определен	67589
	Не определен	71112
	Не определен	67574
	Не определен	53450
	Не определен	72061
	Не определен	72062
	Не определен	72194
	Не определен	68303
	altek Medical (Kunshan) Limited/	66917
	Не определен	51654
	ascensia Diabetes Care Holdings	54518
	Не определен	44194
	Не определен	69901
	Не определен	72150
	Не определен	65260
	Не определен	46892
	Не определен	65507
	Не определен	35554
	Не определен	73098
	Не определен	71001
	zhjiang Ark Industry Co. Ltd	72926
	Не определен	32129
	Не определен	31661
	Не определен	31661
	boiron Laborato	66109
	boiron Laborato	66109
	Не определен	55088
	Не определен	58773
	Не определен	27812
	Не определен	42334
	Не определен	42334
	Не определен	30670
	Не определен	30670
	Не определен	53978
	Не определен	53978
	egis	54874
	egis	54874
	Не определен	72470
	Не определен	30577
	Не определен	30577
	suzhou Hengxiang Import & Export	65311
	Не определен	34263
	Не определен	27819
	Не определен	52212
	Не определен	41038
	Не определен	41038
	Не определен	65874
	Не определен	72900
	Не определен	60483
	iNSTITUTO ESPANOL S.A.	71338
	delpharm Reims	73025
	Не определен	57793
	instituto De Angely S.R.L.	70319
	Не определен	72969
	Не определен	70016
	Не определен	70014
	Не определен	70015
	Не определен	61125
	Не определен	61895
	Не определен	31983
	Не определен	30999
	Не определен	30999
	Не определен	63716
	Не определен	65034
	Не определен	32973
	Не определен	30906
	Не определен	72899
	Не определен	64525
	Не определен	51251
	Не определен	63157
	Не определен	31028
	Не определен	31126
	Не определен	31369
	Не определен	63564
	atlantic Droga Kolinska	41040
	atlantic Droga Kolinska	30585
	Не определен	31706
	Не определен	30893
	Не определен	59840
	Не определен	62216
	Не определен	73163
	Не определен	72270
	abdi Ibrahim llac San. ve	72757
	Не определен	27824
	leo Laboratories	70784
	Не определен	55943
	pharmacia&Upjohn	71914
	Не определен	72084
	Не определен	72085
	Не определен	72086
	Не определен	72087
	Не определен	69368
	Не определен	69368
	Не определен	71818
	Не определен	37113
	Не определен	72552
	actavis	65607
	Не определен	44690
	Не определен	44690
	Не определен	72202
	Не определен	49322
	Не определен	70986
	Не определен	60906
	Не определен	60906
	Не определен	69537
	laboratorios Menarini S.A	51940
	Не определен	66810
	Не определен	71379
	rompharm	54662
	rompharm	54662
	rompharm	54662
	Не определен	40856
	Не определен	40949
	Не определен	69294
	Не определен	52432
	Не определен	66571
	Не определен	48163
	Не определен	73009
	Не определен	73009
	Не определен	33765
	Не определен	64472
	Не определен	72630
	Не определен	54357
	Не определен	54357
	Не определен	36520
	Не определен	59093
	Не определен	70371
	sanofi-Syntelabo	70699
	Не определен	71402
	Не определен	69215
	Не определен	70140
	Не определен	70140
	Не определен	70140
	Не определен	45431
	Не определен	57180
	Не определен	27845
	Не определен	53203
	Не определен	54551
	Не определен	54551
	Не определен	54551
	Не определен	66396
	unither Liquid Manufacturing, France	63083
	Не определен	73267
	Не определен	67222
	Не определен	68549
	Не определен	68549
	Не определен	67375
	Не определен	73334
	ameriPharma Labs LLC/Unipharm,In	71090
	unipharm	60186
	Не определен	73105
	Не определен	66142
	Не определен	57096
	Не определен	57096
	bayer Weimar	70304
	bayer Weimar	70594
	Не определен	71454
	Не определен	72439
	Не определен	63336
	Не определен	70018
	Не определен	70018
	Не определен	60862
	Не определен	65856
	Не определен	62311
	Не определен	65369
	Не определен	37902
	Не определен	52947
	bayer Weimar	56162
	bayer Weimar	56162
	Не определен	65633
	Не определен	70798
	Не определен	70798
	Не определен	65965
	Не определен	33988
	Не определен	42589
	Не определен	70828
	Не определен	66451
	Не определен	66451
	Не определен	66451
	Не определен	62772
	ipca Laboratories Ltd	68678
	dae Hwa Pharmaceutical Co. Ltd.	72007
	dae Hwa Pharmaceutical Co. Ltd.	72007
	Не определен	27873
	Не определен	67261
	Не определен	67261
	unique Pharmaceutical Lab	73186
	Не определен	70954
	Не определен	66610
	Не определен	46182
	Не определен	73274
	Не определен	35793
	Не определен	27872
	Не определен	27872
	Не определен	71246
	Не определен	71246
	Не определен	72662
	Не определен	69013
	g.L.Pharma Gmbh	55069
	Не определен	71581
	Не определен	56376
	Не определен	63152
	Не определен	64946
	"Eagle Nutrionals, Inc." US	37231
	novartis Pharma	72091
	Не определен	71978
	Не определен	66831
	Не определен	66831
	Не определен	73312
	s.C. Rompharm Company S.R.L.	62718
	Не определен	27900
	Не определен	27900
	Не определен	71380
	Не определен	71381
	Не определен	69213
	Не определен	27901
	Не определен	30375
	Не определен	30375
	biologische Heilmittel GmbH	54652
	Не определен	70926
	Не определен	27905
	Не определен	72358
	Не определен	70620
	Не определен	72179
	fareva Amboise	70099
	fareva Amboise	70546
	Не определен	69551
	Не определен	69551
	galderma	54764
	Не определен	27909
	Не определен	27910
	mylan Laboratories	54917
	novartis Pharma	70785
	novartis Pharma	70785
	Не определен	73281
	Не определен	73064
	Не определен	72303
	Не определен	70086
	Не определен	35594
	Не определен	62564
	Не определен	62564
	Не определен	67168
	Не определен	30317
	Не определен	30317
	Не определен	33306
	Не определен	33306
	unique Pharmaceutical Lab	70191
	unique Pharmaceutical Lab	70191
	Не определен	30506
	dr.THEISS	60358
	Не определен	71252
	dolorgiet	54850
	Не определен	47740
	Не определен	66936
	Не определен	72810
	Не определен	27933
	Не определен	55225
	Не определен	57066
	Не определен	58719
	Не определен	57526
	Не определен	63735
	Не определен	72430
	Не определен	72430
	Не определен	38215
	Не определен	51538
	Не определен	27939
	Не определен	56174
	uPSA	61478
	Не определен	40227
	Не определен	73042
	Не определен	41179
	Не определен	41179
	Не определен	37591
	Не определен	44697
	Не определен	30465
	Не определен	62724
	Не определен	36088
	Не определен	27940
	Не определен	27940
	Не определен	47976
	Не определен	27942
	queisser Pharma	55117
	Не определен	68833
	Не определен	68923
	Не определен	27945
	Не определен	34584
	Не определен	49245
	guangzhou Yiya Cosmetics Co., Ltd	61780
	Не определен	72469
	Не определен	72466
	Не определен	72467
	Не определен	72465
	Не определен	72468
	Не определен	73141
	Не определен	68612
	Не определен	68612
	Не определен	72057
	Не определен	69327
	Не определен	72674
	Не определен	72674
	Не определен	73180
	Не определен	71293
	Не определен	27957
	Не определен	72514
	kRKA	60236
	Не определен	65924
	Не определен	65924
	Не определен	61627
	Не определен	61628
	"Eagle Nutrionals, Inc." US	47489
	Не определен	57696
	pILEJE INDUSTRIE	67633
	Не определен	71208
	Не определен	71208
	Не определен	39231
	Не определен	36521
	Не определен	44896
	Не определен	71917
	Не определен	69324
	Не определен	61614
	reckitt Benckiser	69067
	Не определен	45983
	reckitt Benckiser Healthcare (UK)	66681
	reckitt Benckiser Healthcare (UK)	66681
	reckitt Benckiser	53045
	reckitt Benckiser Healthcare (UK)	56218
	Не определен	71003
	Не определен	71003
	Не определен	68469
	Не определен	72008
	abbott Laboratories	73133
	Не определен	72165
	abbott Laboratories	64343
	abbott Laboratories	64343
	Не определен	67355
	abbott Biologicals	55118
	abbott Biologicals	67555
	abbott Biologicals	67555
	Не определен	73236
	Не определен	73237
	lTS Lohmann Therapie-Systeme/Novartis Ph	71418
	Не определен	71750
	Не определен	56167
	Не определен	56167
	Не определен	70193
	bayer Weimar	72681
	bayer Weimar	72681
	Не определен	73037
	ningbo Raffini Import&Export Co.Ltd	70380
	ningbo Raffini Import&Export Co.Ltd	70380
	Не определен	69349
	Не определен	60386
	Не определен	65063
	Не определен	65063
	Не определен	71329
	"Eagle Nutrionals, Inc." US	34869
	"Eagle Nutrionals, Inc." US	34869
	Не определен	71729
	Не определен	66037
	Не определен	73151
	Не определен	73149
	Не определен	73150
	Не определен	60731
	Не определен	61224
	Не определен	59145
	Не определен	61225
	Не определен	61225
	Не определен	61227
	Не определен	61227
	Не определен	61227
	Не определен	72847
	Не определен	27982
	gillete CN CN	69279
	gillete CN CN	70549
	Не определен	39002
	Не определен	45669
	Не определен	39487
	Не определен	70028
	Не определен	55723
	Не определен	67928
	Не определен	52568
	Не определен	65290
	Не определен	47653
	Не определен	51574
	Не определен	28012
	Не определен	53802
	Не определен	52463
	"Eagle Nutrionals, Inc." US	33368
	trommsdorff	54851
	Не определен	69225
	Не определен	68631
	Не определен	45390
	danapha Pharmaceutical Joint Stock Compa	73299
	Не определен	43511
	Не определен	38186
	Не определен	34818
	Не определен	70381
	Не определен	61924
	Не определен	72921
	Не определен	69834
	Не определен	70856
	Не определен	69990
	Не определен	71012
	Не определен	70103
	Не определен	70209
	pharmygiene-Scat	72538
	Не определен	52003
	sCA Hygine Products S.A., BE	61936
	Не определен	64531
	Не определен	70410
	Не определен	72128
	Не определен	73107
	Не определен	73318
	Не определен	73124
	Не определен	70534
	jadran Galenskiy laboratorij	72101
	jadran Galenskiy laboratorij	71339
	Не определен	35683
	Не определен	52596
	kRKA	70036
	Не определен	61389
	Не определен	61157
	Не определен	72133
	Не определен	73306
	Не определен	61158
	Не определен	61848
	Не определен	63096
	Не определен	61620
	Не определен	61526
	Не определен	47884
	Не определен	71709
	Не определен	72239
	Не определен	37451
	Не определен	67919
	Не определен	42743
	Не определен	28040
	Не определен	28041
	opella Healthcare Hungary Ltd	71287
	a.Nattermann	71198
	Не определен	71433
	menarini A.	72896
	Не определен	72764
	Не определен	28049
	Не определен	28049
	Не определен	28049
	Не определен	36121
	Не определен	36121
	Не определен	28050
	Не определен	28050
	Не определен	28053
	pfizer Manufacturing Deutschland	60835
	Не определен	70362
	uNISOURCE SHANGHAI LTD	65596
	uNISOURCE SHANGHAI LTD	69155
	Не определен	73156
	Не определен	28060
	Не определен	52955
	Не определен	31716
	Не определен	68443
	Не определен	71931
	Не определен	28074
	Не определен	28074
	Не определен	28074
	Не определен	61319
	Не определен	62217
	Не определен	57013
	Не определен	30860
	Не определен	30860
	"Eagle Nutrionals, Inc." US	44274
	Не определен	41187
	Не определен	50569
	Не определен	50569
	Не определен	58101
	Не определен	58101
	Не определен	69214
	Не определен	69214
	Не определен	50886
	Не определен	32633
	Не определен	32633
	Не определен	72271
	Не определен	71765
	Не определен	68980
	sFM Hospital Products	72612
	Не определен	71414
	novo Nordisk	55357
	Не определен	57189
	Не определен	66920
	Не определен	72765
	lusomedicamenta-Sociedade Tecnic	72972
	Не определен	61150
	Не определен	70711
	recordati	68045
	recordati	68045
	Не определен	66181
	Не определен	69651
	Не определен	72963
	Не определен	72964
	Не определен	70739
	Не определен	69668
	herbion Pakistan Private Limited	71303
	Не определен	69360
	Не определен	69360
	Не определен	49120
	mSD International/Merck Sharp & Dohme	67831
	Не определен	55071
	Не определен	54157
	Не определен	54157
	Не определен	56691
	Не определен	56691
	Не определен	55817
	Не определен	70358
	Не определен	72954
	Не определен	72954
	Не определен	73132
	Не определен	68298
	medical Technology Products,Inc	73129
	Не определен	44244
	Не определен	47682
	Не определен	30608
	Не определен	69237
	Не определен	73335
	pro.Med.	63679
	Не определен	65671
	Не определен	65671
	Не определен	34002
	Не определен	34002
	Не определен	63457
	balkanpharma	46706
	Не определен	60707
	Не определен	61766
	Не определен	33389
	berlin-chemie	69475
	berlin-chemie	69475
	berlin-chemie	68537
	Не определен	49097
	Не определен	46587
	Не определен	70904
	Не определен	71629
	Не определен	68365
	Не определен	28101
	biofarma S.r.l.	73332
	Не определен	72151
	Не определен	72151
	"Eagle Nutrionals, Inc." US	28110
	Не определен	67538
	Не определен	72509
	Не определен	55409
	Не определен	55410
	Не определен	55410
	Не определен	55410
	Не определен	55411
	Не определен	55412
	Не определен	55413
	Не определен	71574
	Не определен	59825
	"Eurosirel s.r.l."	64398
	sentiss Pharma PVT.LTD	55119
	Не определен	49397
	Не определен	71586
	Не определен	71700
	Не определен	54289
	Не определен	64617
	Не определен	32435
	"Eagle Nutrionals, Inc." US	36879
	Не определен	34766
	Не определен	65424
	Не определен	66399
	pro.Med.	59887
	Не определен	71493
	Не определен	67601
	Не определен	72930
	Не определен	33068
	Не определен	64165
	Не определен	64165
	Не определен	73329
	Не определен	72647
	Не определен	72645
	berlin-chemie/Menarini	55017
	Не определен	28127
	Не определен	33619
	Не определен	68485
	Не определен	68485
	Не определен	65565
	Не определен	68441
	Не определен	61966
	Не определен	58039
	Не определен	64613
	Не определен	69292
	Не определен	30901
	Не определен	43438
	Не определен	41057
	Не определен	31246
	Не определен	31181
	Не определен	40946
	Не определен	67695
	Не определен	71984
	Не определен	61899
	Не определен	61900
	Не определен	49630
	Не определен	30739
	Не определен	30739
	Не определен	31806
	Не определен	32892
	Не определен	31975
	Не определен	31975
	Не определен	33056
	Не определен	69086
	Не определен	31816
	Не определен	31986
	Не определен	41317
	"PRVA KUPEL NA A.S."	63826
	Не определен	72712
	Не определен	40731
	Не определен	31033
	Не определен	72894
	"Eagle Nutrionals, Inc." US	61169
	Не определен	30818
	Не определен	31296
	Не определен	31308
	Не определен	31302
	Не определен	31302
	Не определен	31303
	Не определен	31300
	Не определен	65457
	Не определен	65457
	Не определен	65457
	Не определен	31500
	Не определен	31500
	Не определен	61320
	Не определен	65073
	Не определен	28364
	Не определен	28364
	Не определен	72248
	Не определен	71893
	Не определен	72564
	Не определен	35001
	Не определен	72865
	Не определен	72002
	Не определен	72504
	Не определен	58268
	Не определен	68267
	Не определен	54311
	Не определен	54311
	Не определен	54311
	Не определен	68048
	Не определен	68048
	Не определен	65873
	Не определен	67040
	Не определен	66341
	"Eagle Nutrionals, Inc." US	28136
	Не определен	58304
	Не определен	58304
	Не определен	56769
	Не определен	62452
	Не определен	55607
	Не определен	62551
	Не определен	63037
	Не определен	71555
	Не определен	63117
	Не определен	59341
	Не определен	33527
	Не определен	70560
	Не определен	38864
	Не определен	70260
	Не определен	34950
	Не определен	68259
	Не определен	68259
	Не определен	71564
	Не определен	71564
	Не определен	72027
	Не определен	72992
	Не определен	56088
	Не определен	69960
	Не определен	33445
	Не определен	33445
	Не определен	66468
	Не определен	71943
	Не определен	71654
	Не определен	59518
	glenmark	54939
	Не определен	50709
	Не определен	40848
	"Eagle Nutrionals, Inc." US	43777
	rottapharm	61493
	bionorica	61383
	bionorica	54387
	Не определен	35087
	Не определен	35932
	Не определен	70983
	avizor	71385
	avizor	71385
	Не определен	35604
	Не определен	30345
	Не определен	30345
	emcure Pharmaceuticals	73340
	Не определен	48915
	Не определен	28185
	Не определен	35657
	Не определен	73068
	Не определен	70297
	Не определен	70297
	Не определен	70297
	Не определен	72634
	Не определен	70591
	Не определен	71822
	Не определен	71822
	sandoz	43222
	Не определен	51138
	Не определен	51138
	salus-Haus GmbH & Co.KG	59057
	Не определен	72506
	Не определен	66900
	Не определен	67437
	Не определен	67437
	Не определен	68369
	menarini A.	70774
	berlin-chemie	68046
	Не определен	63648
	Не определен	56368
	Не определен	68837
	"Eagle Nutrionals, Inc." US	45011
	Не определен	56965
	sopharma	54900
	Не определен	71908
	Не определен	68840
	alkaloid	68150
	alkaloid	68150
	"Eagle Nutrionals, Inc." US	28215
	"Eagle Nutrionals, Inc." US	28216
	Не определен	42642
	vogt/Jiangsu Kanghula	58228
	vogt/Jiangsu Kanghula	56808
	Не определен	63656
	Не определен	73275
	Не определен	73275
	Не определен	34631
	Не определен	70724
	Не определен	73268
	Не определен	73261
	Не определен	72798
	Не определен	72789
	Не определен	72789
	Не определен	53514
	Не определен	35355
	Не определен	64564
	Не определен	28223
	uCB	61479
	Не определен	62694
	industrias Farmaseuticas Almiral	54534
	Не определен	48604
	Не определен	39452
	Не определен	28226
	Не определен	28226
	Не определен	39696
	dae Hwa Pharmaceutical Co. Ltd.	72009
	Не определен	56602
	Не определен	58656
	fine Foods & Pharmaceuticals	72495
	Не определен	72751
	novartis Pharma	72343
	salutas Pharma Gmbh	72587
	Не определен	71378
	Не определен	71378
	Не определен	64758
	Не определен	64758
	Не определен	59834
	Не определен	73029
	Не определен	72490
	Не определен	65342
	Не определен	36946
	Не определен	36946
	Не определен	56905
	Не определен	54908
	Не определен	70042
	sopharma	55018
	Не определен	62977
	suzhou Hengxiang Import & Export	63549
	Не определен	69206
	Не определен	60876
	Не определен	33859
	"Eagle Nutrionals, Inc." US	28243
	Не определен	56300
	Не определен	64973
	Не определен	64973
	Не определен	47295
	Не определен	42547
	Не определен	51436
	Не определен	51438
	Не определен	41059
	Не определен	65383
	bayer Bitterfeld	69350
	Не определен	71468
	Не определен	70547
	Не определен	73026
	abbvie S.r.L	71635
	Не определен	33461
	Не определен	64699
	Не определен	66410
	Не определен	28260
	Не определен	28260
	Не определен	61488
	Не определен	72190
	"Eagle Nutrionals, Inc." US	38754
	"Eagle Nutrionals, Inc." US	38754
	Не определен	32577
	"Eagle Nutrionals, Inc." US	28265
	glenmark	54809
	Не определен	32743
	deutsche Homoopathie-Union DHU-A	72885
	Не определен	42954
	Не определен	64185
	Не определен	65372
	Не определен	65372
	Не определен	65372
	Не определен	72718
	Не определен	72718
	Не определен	61411
	Не определен	71054
	Не определен	70769
	Не определен	71125
	Не определен	67763
	kimberly-Clark s.r.o.	72119
	Не определен	70804
	Не определен	70804
	Не определен	73201
	Не определен	52160
	Не определен	69329
	Не определен	50628
	Не определен	58759
	pierre Fabre	72342
	Не определен	32578
	pharma Wernigerode	72771
	Не определен	28275
	Не определен	69387
	Не определен	69393
	Не определен	63053
	kRKA	65681
	Не определен	65689
	novartis Pharma	54535
	Не определен	34408
	Не определен	34408
	Не определен	72389
	Не определен	72258
	Не определен	71946
	novartis Pharma	72897
	Не определен	70927
	Не определен	71948
	Не определен	71947
	Не определен	67581
	Не определен	67438
	Не определен	67438
	Не определен	71127
	Не определен	67973
	Не определен	73123
	Не определен	28281
	Не определен	59300
	Не определен	43711
	Не определен	62062
	Не определен	62062
	Не определен	35979
	Не определен	72290
	Не определен	72505
	shreya	71585
	shreya	71585
	Не определен	55622
	Не определен	28290
	Не определен	28290
	Не определен	40871
	Не определен	40871
	Не определен	73295
	Не определен	72940
	Не определен	72546
	Не определен	54452
	Не определен	47679
	Не определен	64623
	Не определен	64623
	Не определен	42423
	Не определен	67133
	Не определен	46354
	Не определен	30265
	Не определен	73028
	Не определен	35726
	Не определен	73305
	trommsdorff GmbH & Co. KG/Labora	71270
	Не определен	64731
	Не определен	61883
	Не определен	61883
	merckle GmbH	70528
	merckle GmbH	70528
	Не определен	39576
	Не определен	39577
	Не определен	68572
	Не определен	68572
	Не определен	61845
	merckle GmbH	72793
	Не определен	71035
	Не определен	28312
	Не определен	64053
	Не определен	57358
	Не определен	72928
	Не определен	73265
	Не определен	73296
	Не определен	57357
	altermed Corporation a.s"	59417
	Не определен	57137
	reckitt Benckiser	72679
	Не определен	53226
	Не определен	53226
	Не определен	56592
	Не определен	35690
	Не определен	35690
	takeda	73120
	Не определен	69485
	Не определен	63345
	Не определен	65428
	Не определен	68224
	Не определен	56516
	Не определен	33730
	Не определен	28326
	Не определен	28327
	Не определен	63677
	Не определен	34968
	Не определен	72763
	Не определен	72870
	Не определен	73272
	Не определен	28332
	Не определен	63541
	Не определен	71537
	stafford Miller	65049
	Не определен	30547
	Не определен	30547
	Не определен	39053
	Не определен	54388
	Не определен	64795
	Не определен	73336
	Не определен	52841
	Не определен	69914
	Не определен	38136
	Не определен	38136
	Не определен	28345
	Не определен	28345
	Не определен	40746
	Не определен	71751
	Не определен	71753
	Не определен	39959
	Не определен	54734
	Не определен	41033
	Не определен	62489
	Не определен	62489
	cadila Pharmaceuticals Ltd.	69433
	hangzhou Credible Sanitary Produ	73289
	Не определен	40576
	Не определен	40576
	Не определен	39835
	Не определен	40784
	Не определен	39561
	Не определен	39562
	Не определен	39562
	Не определен	61497
	Не определен	69844
	Не определен	68313
	Не определен	71013
	Не определен	47207
	biologische Heilmittel GmbH	69174
	biologische Heilmittel GmbH	69174
	Не определен	72848
	Не определен	38187
	Не определен	70212
	Не определен	70212
	Не определен	60648
	Не определен	60010
	Не определен	55774
	Не определен	65907
	Не определен	73290
	Не определен	66042
	Не определен	64378
	Не определен	48769
	Не определен	28368
	Не определен	28368
	vetProm AD	67667
	Не определен	70215
	Не определен	67822
	Не определен	70011
	Не определен	70011
	Не определен	70011
	Не определен	71267
	Не определен	71267
	Не определен	62125
	Не определен	61602
	Не определен	56976
	Не определен	54313
	Не определен	28379
	Не определен	28380
	Не определен	57256
	Не определен	35095
	Не определен	60419
	Не определен	36281
	Не определен	37833
	apexmed International B.V.	52833
	Не определен	70580
	Не определен	70581
	Не определен	36963
	Не определен	48504
	Не определен	28387
	Не определен	37322
	Не определен	37322
	Не определен	69997
	bayer AG	70561
	bayer Weimar	70187
	bayer Weimar	55925
	Не определен	71605
	Не определен	68961
	Не определен	51282
	Не определен	65789
	Не определен	70913
	Не определен	72010
	walmark	71144
	uCB	60845
	Не определен	62654
	Не определен	70775
	Не определен	70775
	Не определен	71852
	Не определен	71852
	Не определен	58697
	Не определен	72917
	Не определен	72917
	Не определен	72916
	Не определен	62079
	Не определен	51134
	Не определен	62030
	Не определен	72022
	Не определен	51865
	Не определен	28400
	Не определен	69978
	Не определен	72167
	Не определен	72240
	Не определен	72241
	Не определен	48762
	Не определен	70786
	Не определен	72097
	zenith Infant Products Co.,Ltd	72738
	zenith Infant Products Co.,Ltd	72739
	Не определен	55252
	Не определен	65566
	Не определен	31525
	Не определен	31034
	Не определен	65826
	Не определен	43895
	Не определен	30426
	Не определен	30426
	Не определен	30426
	Не определен	31405
	Не определен	56576
	medac GmbH	30834
	Не определен	63485
	Не определен	69655
	Не определен	31355
	Не определен	66974
	Не определен	64156
	Не определен	50047
	gUANGZHOU FOURTO SANITARY PRODUCTS CO.,	72361
	Не определен	69916
	Не определен	69916
	Не определен	70060
	Не определен	72416
	Не определен	47080
	instituto De Angely	72657
	instituto De Angely	72657
	Не определен	73257
	Не определен	73257
	Не определен	39855
	Не определен	70008
	saneca Pharmaceuticals	55564
	saneca Pharmaceuticals	55564
	saneca Pharmaceuticals	65631
	Не определен	33021
	Не определен	67047
	dr.Theiss Naturwaren	70776
	dr.Theiss Naturwaren	70776
	Не определен	57999
	Не определен	73176
	arcam	73144
	Не определен	32548
	Не определен	33354
	Не определен	33355
	Не определен	33356
	hebei Fenghe Biotechnology INC.,	72839
	Не определен	51823
	deerland Probiotics & Enzymes, I	70049
	Не определен	34271
	Не определен	72237
	Не определен	70122
	Не определен	67087
	Не определен	65884
	Не определен	72682
	Не определен	30409
	Не определен	64948
	biose Industrie	58769
	Не определен	38531
	Не определен	28429
	Не определен	62652
	Не определен	64155
	Не определен	39865
	Не определен	43257
	Не определен	55656
	Не определен	55656
	Не определен	55656
	Не определен	38342
	Не определен	71273
	Не определен	72162
	Не определен	72162
	Не определен	73333
	Не определен	72778
	suzhou Hengxiang Import & Export	59695
	suzhou Hengxiang Import & Export	59695
	micro Labs	68398
	Не определен	52209
	"Eagle Nutrionals, Inc." US	28442
	Не определен	71509
	Не определен	71509
	Не определен	73171
	Не определен	72173
	Не определен	73187
	Не определен	62052
	Не определен	66307
	Не определен	70300
	Не определен	70300
	Не определен	64189
	Не определен	46649
	Не определен	28450
	Не определен	28450
	Не определен	65066
	Не определен	66171
	teva	59187
	Не определен	72231
	madaus	54423
	"Eurosirel s.r.l."	34480
	"Eurosirel s.r.l."	34480
	Не определен	28460
	Не определен	71965
	Не определен	72256
	Не определен	72256
	Не определен	72161
	Не определен	42256
	Не определен	37615
	Не определен	62082
	Не определен	34005
	Не определен	35178
	Не определен	60773
	Не определен	73300
	Не определен	66687
	Не определен	66959
	Не определен	58854
	Не определен	59466
	Не определен	63717
	Не определен	63717
	Не определен	61214
	Не определен	61215
	Не определен	42976
	Не определен	67413
	Не определен	73142
	Не определен	48192
	Не определен	65846
	Не определен	52658
	Не определен	37407
	Не определен	52843
	Не определен	52193
	Не определен	65847
	Не определен	72363
	Не определен	38183
	Не определен	70062
	Не определен	72063
	Не определен	39332
	Не определен	41922
	"Eagle Nutrionals, Inc." US	28481
	Не определен	73059
	Не определен	72854
	Не определен	65746
	Не определен	64335
	Не определен	64335
	Не определен	54642
	Не определен	70692
	Не определен	28484
	Не определен	51874
	pierre Fabre	63294
	Не определен	60907
	Не определен	67029
	Не определен	72055
	Не определен	73119
	Не определен	30556
	Не определен	32410
	Не определен	46463
	Не определен	46463
	Не определен	46996
	Не определен	44264
	Не определен	60202
	Не определен	71327
	Не определен	71327
	Не определен	66539
	Не определен	65010
	Не определен	72485
	Не определен	72486
	Не определен	62195
	Не определен	28496
	Не определен	71857
	Не определен	28497
	Не определен	28497
	Не определен	28498
	Не определен	60169
	Не определен	60169
	biologische Heilmittel GmbH	66961
	Не определен	69116
	Не определен	68486
	Не определен	66876
	Не определен	68191
	Не определен	28501
	Не определен	28501
	Не определен	69700
	Не определен	63145
	Не определен	58713
	Не определен	60905
	Не определен	45442
	Не определен	45442
	Не определен	67891
	Не определен	60685
	Не определен	35268
	Не определен	53148
	Не определен	67869
	Не определен	28508
	Не определен	33898
	Не определен	35058
	Не определен	48975
	Не определен	69238
	Не определен	69238
	Не определен	70612
	Не определен	69221
	Не определен	72640
	Не определен	71968
	Не определен	64828
	pfizer/R-Pharm	64451
	Не определен	32339
	devicare S.L. Av.Can Domenech	71477
	devicare S.L. Av.Can Domenech	71478
	Не определен	72984
	Не определен	30709
	Не определен	62655
	saneca Pharmaceuticals	62691
	Не определен	70722
	sanofi Ilac Sanayi ve Ticaret	72482
	sanofi Ilac Sanayi ve Ticaret	72482
	Не определен	63038
	Не определен	63161
	Не определен	56966
	Не определен	72157
	Не определен	73088
	Не определен	73121
	Не определен	72946
	Не определен	72447
	Не определен	64200
	Не определен	62379
	Не определен	37039
	Не определен	37009
	Не определен	54389
	Не определен	36909
	Не определен	36909
	Не определен	66439
	Не определен	66585
	Не определен	72236
	Не определен	36932
	Не определен	72795
	Не определен	72795
	Не определен	72850
	Не определен	28540
	Не определен	36359
	Не определен	68528
	kRKA	68268
	kRKA	68268
	Не определен	70872
	kRKA	68269
	kRKA	68270
	Не определен	67854
	Не определен	72356
	Не определен	72356
	Не определен	58201
	Не определен	68593
	Не определен	55121
	Не определен	55121
	Не определен	28552
	Не определен	71281
	Не определен	46539
	Не определен	66576
	Не определен	45460
	Не определен	64887
	Не определен	64615
	biologische Heilmittel Heel GmbH	71420
	biologische Heilmittel Heel GmbH	71490
	Не определен	42678
	Не определен	70398
	Не определен	65072
	Не определен	45947
	Не определен	60277
	Не определен	36025
	Не определен	72982
	"Nutrilo GmbH"	71447
	Не определен	71756
	Не определен	71755
	Не определен	71754
	Не определен	71757
	Не определен	31385
	Не определен	71063
	Не определен	72102
	Не определен	32868
	Не определен	32868
	Не определен	31037
	Не определен	69371
	Не определен	69371
	Не определен	53457
	Не определен	64980
	Не определен	64980
	Не определен	69822
	Не определен	31108
	Не определен	69535
	egis	55015
	Не определен	31853
	Не определен	58204
	Не определен	71316
	Не определен	68194
	Не определен	49709
	Не определен	64502
	Не определен	49150
	Не определен	67939
	Не определен	67940
	Не определен	67941
	Не определен	67938
	Не определен	73152
	Не определен	36605
	Не определен	49720
	opella Healthcare Hungary Ltd	66966
	pharmygiene-Scat	73115
	pharmygiene-Scat	73115
	Не определен	28563
	Не определен	28563
	walmark	68560
	biofarma S.r.l.	73316
	cooperation Pharmaceutique Franc	71426
	Не определен	62740
	opella Healthcare Hungary Ltd	67959
	opella Healthcare Hungary Ltd	69719
	Не определен	60692
	Не определен	71724
	Не определен	71724
	Не определен	68473
	Не определен	63030
	Не определен	28568
	biovencer Healthcare	71615
	Не определен	60710
	Не определен	60710
	Не определен	73248
	Не определен	72941
	Не определен	63467
	Не определен	72507
	Не определен	65154
	doppel Farmaceutici	56164
	Не определен	37334
	Не определен	65705
	wecare Probiotics Co. Ltd	70728
	danisco France SAS	72869
	danisco France SAS	55978
	danisco France SAS	72720
	Не определен	28577
	Не определен	67921
	Не определен	67921
	gTI USA	73046
	Не определен	42840
	Не определен	59544
	Не определен	54284
	Не определен	54284
	Не определен	73194
	Не определен	73245
	Не определен	67582
	Не определен	67582
	Не определен	72313
	Не определен	72313
	Не определен	37296
	Не определен	37296
	Не определен	56980
	Не определен	73130
	Не определен	71769
	Не определен	68844
	Не определен	50242
	Не определен	70364
	Не определен	70364
	Не определен	70364
	Не определен	70364
	Не определен	70364
	Не определен	68195
	Не определен	72282
	Не определен	44770
	Не определен	67899
	Не определен	41690
	kRKA	69078
	Не определен	43800
	Не определен	70571
	Не определен	71182
	Не определен	71182
	Не определен	69265
	Не определен	47784
	Не определен	60168
	Не определен	72690
	Не определен	37745
	Не определен	62431
	Не определен	45652
	Не определен	48917
	Не определен	68567
	Не определен	73033
	Не определен	59488
	Не определен	72675
	Не определен	73255
	Не определен	43474
	Не определен	73301
	Не определен	28601
	Не определен	28601
	Не определен	65081
	Не определен	73116
	Не определен	68910
	Не определен	72477
	Не определен	71879
	Не определен	39259
	Не определен	67373
	Не определен	61634
	Не определен	73214
	Не определен	65696
	Не определен	69034
	Не определен	69035
	Не определен	69036
	Не определен	50332
	Не определен	73113
	Не определен	47194
	Не определен	54545
	ningbo Raffini Import&Export Co.Ltd	71193
	ningbo Raffini Import&Export Co.Ltd	72637
	ningbo Raffini Import&Export Co.Ltd	71195
	Не определен	62063
	Не определен	62063
	Не определен	30570
	Не определен	28632
	Не определен	38239
	Не определен	60971
	Не определен	42897
	Не определен	42897
	Не определен	62381
	Не определен	71473
	Не определен	40134
	pfizer/R-Pharm	61590
	Не определен	43704
	Не определен	54391
	Не определен	54391
	Не определен	62183
	Не определен	34585
	Не определен	64278
	Не определен	62596
	Не определен	32998
	Не определен	28644
	Не определен	52844
	Не определен	65541
	Не определен	71271
	Не определен	65827
	Не определен	63918
	Не определен	70344
	Не определен	73246
	Не определен	73231
	Не определен	32988
	Не определен	38949
	Не определен	44428
	Не определен	73165
	teva	70061
	Не определен	69491
	Не определен	72589
	Не определен	73337
	Не определен	73337
	Не определен	72064
	Не определен	72225
	Не определен	63314
	Не определен	61804
	Не определен	64981
	Не определен	68166
	Не определен	34819
	Не определен	64286
	Не определен	48097
	Не определен	72412
	Не определен	71959
	Не определен	72105
	Не определен	49884
	Не определен	73051
	Не определен	72539
	Не определен	67694
	Не определен	67694
	lab.BalaldacciniS.p.A.	73247
	Не определен	68733
	laboratorium Kolastyna	73027
	Не определен	61458
	Не определен	70918
	Не определен	70918
	Не определен	69204
	Не определен	69204
	Не определен	56644
	Не определен	59130
	Не определен	59130
	Не определен	62541
	Не определен	73034
	Не определен	71976
	Не определен	70261
	Не определен	71648
	Не определен	71648
	Не определен	54708
	Не определен	50162
	Не определен	50162
	Не определен	52372
	Не определен	62915
	Не определен	62915
	Не определен	62710
	Не определен	73106
	unique Pharmaceutical Lab	68705
	unique Pharmaceutical Lab	67571
	unique Pharmaceutical Lab	67571
	Не определен	72710
	Не определен	72594
	Не определен	72594
	Не определен	57541
	Не определен	67457
	Не определен	72360
	Не определен	72487
	sanofi-Syntelabo	58701
	sanofi-Syntelabo	58701
	Не определен	65384
	Не определен	72174
	Не определен	72174
	Не определен	54766
	Не определен	54766
	Не определен	51986
	Не определен	63323
	Не определен	73138
	Не определен	46048
	Не определен	72383
	higlance Laboratories Pvt Ltd	66896
	higlance Laboratories Pvt Ltd	66896
	Не определен	66183
	Не определен	66182
	Не определен	72845
	Не определен	65460
	Не определен	72588
	Не определен	36164
	Не определен	69795
	Не определен	49402
	Не определен	70146
	Не определен	61594
	Не определен	45437
	Не определен	72740
	Не определен	59136
	Не определен	69792
	Не определен	71499
	delpharm Orlean	69053
	delpharm Orlean	68901
	Не определен	70569
	Не определен	73263
	Не определен	67540
	Не определен	55675
	Не определен	38121
	Не определен	62795
	Не определен	69334
	Не определен	69334
	Не определен	47996
	Не определен	47996
	Не определен	70737
	Не определен	70738
	Не определен	58212
	mauermann Arzneimittel KG	54617
	Не определен	28695
	Не определен	28696
	Не определен	28698
	Не определен	28698
	Не определен	65273
	Не определен	28704
	Не определен	69852
	Не определен	71025
	Не определен	57391
	Не определен	64120
	Не определен	71550
	Не определен	67294
	Не определен	73057
	Не определен	72266
	Не определен	67535
	Не определен	56121
	Не определен	53851
	Не определен	33501
	Не определен	62982
	Не определен	71827
	Не определен	71827
	Не определен	68119
	Не определен	33500
	Не определен	28707
	Не определен	28707
	rottendorf Pharma/Merz	71552
	rottendorf Pharma	70841
	rottendorf Pharma/Merz	71241
	rottendorf Pharma/Merz	71241
	Не определен	72766
	Не определен	64585
	Не определен	42464
	Не определен	59069
	Не определен	65160
	Не определен	33140
	Не определен	73307
	Не определен	65896
	Не определен	65896
	Не определен	73256
	Не определен	46098
	Не определен	48877
	Не определен	48877
	Не определен	67481
	Не определен	69469
	glenmark	68697
	Не определен	56541
	Не определен	56541
	Не определен	71546
	Не определен	62998
	Не определен	72783
	Не определен	72783
	biologische Heilmittel GmbH	69398
	Не определен	71871
	Не определен	32897
	Не определен	73291
	shreya	72807
	glenmark	66447
	glenmark	69039
	Не определен	28717
	Не определен	28717
	Не определен	28717
	Не определен	32209
	Не определен	71902
	Не определен	72106
	Не определен	69137
	Не определен	71710
	Не определен	71792
	Не определен	58287
	catalent France Beinheim_	69835
	janssen-Cilag	54503
	janssen pharmaceutica	54658
	Не определен	50252
	Не определен	47364
	Не определен	58433
	ningbo Longco Commodity Co., LTD.	69995
	Не определен	67343
	Не определен	54095
	Не определен	54095
	Не определен	65489
	Не определен	72065
	Не определен	65329
	Не определен	65329
	Не определен	47490
	Не определен	66075
	Не определен	36934
	Не определен	36934
	Не определен	35110
	saponificio Artigianale Fio IT	52862
	Не определен	36589
	Не определен	36590
	Не определен	34654
	Не определен	30455
	Не определен	28754
	Не определен	28759
	Не определен	73117
	Не определен	72623
	Не определен	51206
	Не определен	72713
	Не определен	64574
	Не определен	39515
	Не определен	35634
	Не определен	35160
	Не определен	55602
	Не определен	55603
	Не определен	37106
	Не определен	31416
	Не определен	31416
	Не определен	31418
	Не определен	56799
	Не определен	64582
	Не определен	30890
	Не определен	31746
	Не определен	30914
	Не определен	62078
	Не определен	62078
	Не определен	31944
	Не определен	43255
	Не определен	72571
	Не определен	69682
	Не определен	72572
	Не определен	73249
	Не определен	63484
	Не определен	54955
	Не определен	45583
	Не определен	28763
	"Eagle Nutrionals, Inc." US	28764
	"Eagle Nutrionals, Inc." US	28764
	Не определен	72130
	Не определен	47718
	Не определен	30416
	Не определен	28766
	Не определен	28766
	Не определен	42234
	Не определен	42183
	Не определен	46654
	Не определен	41686
	Не определен	73099
	Не определен	73099
	organon	73052
	Не определен	30326
	Не определен	28773
	Не определен	28773
	Не определен	71019
	"Eagle Nutrionals, Inc." US	28777
	Не определен	28778
	Не определен	36631
	Не определен	64135
	Не определен	62677
	Не определен	37611
	Не определен	65419
	Не определен	71562
	Не определен	64272
	Не определен	64441
	Не определен	55208
	Не определен	44841
	Не определен	64270
	Не определен	28782
	Не определен	58032
	Не определен	58032
	Не определен	55898
	Не определен	28783
	Не определен	28784
	Не определен	59778
	Не определен	43968
	Не определен	67744
	Не определен	68882
	Не определен	72934
	Не определен	72935
	Не определен	45422
	Не определен	54000
	Не определен	54000
	Не определен	52326
	Не определен	70164
	Не определен	53306
	Не определен	72708
	Не определен	62950
	Не определен	68450
	Не определен	38067
	Не определен	71408
	Не определен	71408
	Не определен	70817
	Не определен	70817
	Не определен	72818
	Не определен	73131
	Не определен	73262
	sweet Tec GmbH	62039
	sweet Tec GmbH	62039
	sweet Tec GmbH	60436
	sweet Tec GmbH	60436
	sweet Tec GmbH	32342
	"Eurosirel s.r.l."	32343
	"Eagle Nutrionals, Inc." US	32345
	"Eagle Nutrionals, Inc." US	32345
	"Eagle Nutrionals, Inc." US	32345
	sweet Tec GmbH	55182
	Не определен	28799
	Не определен	67166
	Не определен	69022
	Не определен	73197
	Не определен	70751
	Не определен	59025
	Не определен	71101
	Не определен	62203
	Не определен	62203
	Не определен	68803
	Не определен	56847
	berlin-chemie	65927
	berlin-chemie	65927
	Не определен	38702
	Не определен	63744
	Не определен	62472
	Не определен	63740
	Не определен	59135
	Не определен	59732
	Не определен	70621
	Не определен	70072
	Не определен	70072
	Не определен	69366
	Не определен	71510
	Не определен	64662
	Не определен	55437
	Не определен	55437
	"Eagle Nutrionals, Inc." US	28805
	"Eagle Nutrionals, Inc." US	28805
	Не определен	42787
	"Eagle Nutrionals, Inc." US	28806
	Не определен	28808
	Не определен	49285
	g.L.Pharma Gmbh	59091
	g.L.Pharma Gmbh	59656
	Не определен	68824
	Не определен	72680
	Не определен	43664
	Не определен	39759
	Не определен	39759
	Не определен	39759
	Не определен	72558
	Не определен	72558
	Не определен	72558
	Не определен	72558
	Не определен	73023
	Не определен	57980
	Не определен	71860
	Не определен	34454
	Не определен	50312
	Не определен	65184
	Не определен	46402
	Не определен	60586
	exeltis Ilac San	54424
	Не определен	71672
	"Eagle Nutrionals, Inc." US	47776
	"Eagle Nutrionals, Inc." US	47776
	Не определен	72066
	Не определен	72610
	Не определен	71694
	Не определен	52251
	alfasigma_	73233
	lozen Pharma Pvt. Ltd.	56044
	lozen Pharma Pvt. Ltd.	56044
	Не определен	28823
	Не определен	56737
	nESTI DANTE Srl	55906
	nESTI DANTE Srl	55906
	famar Health Care Services Madri	70211
	famar Health Care Services Madri	70211
	Не определен	64271
	Не определен	67325
	Не определен	67325
	Не определен	67206
	Не определен	67360
	Не определен	69462
	Не определен	69462
	Не определен	51061
	Не определен	68121
	beiersdorf AG	28832
	Не определен	61827
	Не определен	33638
	Не определен	36721
	Не определен	60636
	Не определен	55782
	Не определен	72297
	Не определен	72297
	Не определен	33320
	mcNeil AB	60870
	Не определен	70634
	Не определен	73273
	Не определен	71153
	mcNeil AB	69828
	lTS Lohmann Therapie-Systeme/Novartis Ph	70617
	lTS Lohmann Therapie-Systeme/Novartis Ph	70267
	lTS Lohmann Therapie-Systeme/Novartis Ph	70267
	mcNeil AB	69168
	Не определен	70578
	mcNeil AB	68916
	mcNeil AB	68916
	mcNeil AB	68916
	Не определен	36133
	"Eagle Nutrionals, Inc." US	46087
	"Eagle Nutrionals, Inc." US	46087
	Не определен	55998
	Не определен	49381
	Не определен	46797
	Не определен	46797
	Не определен	55727
	Не определен	56595
	Не определен	73254
	menarini A.	71888
	Не определен	72561
	Не определен	72561
	laboratorios Menarini	72938
	Не определен	70066
	Не определен	73074
	Не определен	73304
	Не определен	64671
	Не определен	50935
	Не определен	68509
	Не определен	71511
	panacea Biotec	55141
	Не определен	49346
	kRKA	69267
	Не определен	37646
	Не определен	28861
	Не определен	33481
	Не определен	66045
	pro.Med.	66044
	Не определен	32584
	Не определен	32584
	Не определен	32584
	Не определен	47686
	Не определен	28865
	Не определен	47067
	Не определен	72576
	Не определен	30378
	Не определен	28867
	Не определен	70942
	Не определен	69400
	Не определен	63475
	Не определен	68690
	Не определен	72532
	Не определен	72626
	Не определен	64890
	Не определен	69361
	Не определен	64960
	Не определен	61671
	Не определен	71289
	Не определен	57250
	organon	68480
	Не определен	70104
	Не определен	42099
	Не определен	62934
	Не определен	62934
	teva	67697
	Не определен	68217
	Не определен	68217
	Не определен	51009
	Не определен	68629
	Не определен	44945
	Не определен	44945
	Не определен	43230
	Не определен	65779
	Не определен	65779
	Не определен	65779
	Не определен	72274
	Не определен	67298
	Не определен	67298
	Не определен	62387
	Не определен	62281
	Не определен	40803
	Не определен	51098
	Не определен	28894
	Не определен	28895
	Не определен	68183
	Не определен	68183
	Не определен	55542
	"Eagle Nutrionals, Inc." US	28898
	"Eagle Nutrionals, Inc." US	28898
	uCB	71987
	Не определен	71988
	Не определен	71988
	"Eagle Nutrionals, Inc." US	44794
	"Eagle Nutrionals, Inc." US	45151
	pfizer/R-Pharm	61944
	pfizer/R-Pharm	61944
	Не определен	61416
	Не определен	61880
	Не определен	48896
	gedeon Richter Plc.	66543
	Не определен	69100
	Не определен	69100
	Не определен	63640
	Не определен	64139
	Не определен	73250
	Не определен	69419
	dMDBS	69420
	dMDBS	69918
	dMDBS	69814
	ruian	70597
	Не определен	64527
	Не определен	64528
	Не определен	39369
	Не определен	46198
	Не определен	48376
	Не определен	48376
	Не определен	43577
	Не определен	47866
	Не определен	30307
	Не определен	30307
	reckitt Benckiser Healthcare (UK)	64452
	Не определен	46071
	Не определен	49635
	Не определен	46126
	Не определен	46126
	Не определен	45155
	Не определен	43727
	patheon/Reckitt Benckiser	54736
	Не определен	28936
	Не определен	30310
	Не определен	55266
	Не определен	72830
	Не определен	72830
	Не определен	65822
	Не определен	28949
	Не определен	28949
	Не определен	30917
	Не определен	33903
	Не определен	33903
	Не определен	31323
	Не определен	31497
	Не определен	31497
	Не определен	31492
	Не определен	70815
	Не определен	31041
	Не определен	61339
	Не определен	61583
	Не определен	61583
	Не определен	34734
	Не определен	34734
	"Eagle Nutrionals, Inc." US	61170
	Не определен	43978
	Не определен	31030
	Не определен	45262
	Не определен	68689
	Не определен	67018
	Не определен	67018
	Не определен	73198
	biologische Heilmittel GmbH	61273
	"Eagle Nutrionals, Inc." US	30630
	Не определен	63816
	Не определен	45700
	Не определен	70283
	Не определен	37849
	Не определен	60774
	Не определен	45682
	Не определен	52659
	Не определен	37813
	Не определен	65051
	Не определен	70714
	Не определен	70397
	Не определен	70763
	Не определен	73000
	Не определен	64917
	Не определен	32576
	Не определен	28953
	Не определен	71413
	Не определен	71196
	Не определен	71196
	jelfa	49494
	Не определен	65840
	Не определен	57051
	Не определен	68743
	Не определен	28948
	Не определен	64377
	Не определен	60025
	Не определен	52021
	hyginett KFT	73060
	Не определен	35491
	Не определен	70811
	Не определен	59149
	Не определен	71485
	Не определен	63593
	Не определен	63593
	Не определен	68074
	Не определен	59151
	Не определен	59663
	Не определен	28961
	Не определен	68396
	Не определен	57187
	"Eagle Nutrionals, Inc." US	50778
	abbot	67344
	Не определен	60373
	Не определен	65435
	Не определен	65435
	Не определен	72636
	dr.Reddy s	56679
	laboratorios Liconsa S.A	66197
	laboratorios Liconsa S.A	65421
	laboratorios Liconsa S.A	65421
	Не определен	49329
	Не определен	70948
	Не определен	72314
	Не определен	73235
	Не определен	73235
	Не определен	54701
	Не определен	59708
	Не определен	72959
	Не определен	60474
	Не определен	37783
	Не определен	37958
	Не определен	65870
	Не определен	65870
	Не определен	70354
	Не определен	70355
	Не определен	69319
	"Eagle Nutrionals, Inc." US	28975
	Не определен	73039
	Не определен	73328
	nestle Health Science (Deutschla	69576
	nesti Dante S.R.L.	67606
	Не определен	30551
	rialto Enterprises Pvt. Ltd., India	69322
	Не определен	72238
	Не определен	68117
	Не определен	68117
	Не определен	68117
	Не определен	68117
	Не определен	66327
	Не определен	63910
	bender Saglik Hizmetleri Tic. L.	72327
	bender Saglik Hizmetleri Tic. L.	72325
	Не определен	45499
	Не определен	45498
	Не определен	63525
	Не определен	53629
	Не определен	53629
	Не определен	68390
	Не определен	32463
	Не определен	45189
	Не определен	45189
	Не определен	37438
	Не определен	33784
	Не определен	68813
	Не определен	73166
	tRB Chemedica AG	68825
	tRB Chemedica AG	68825
	tRB Chemedica AG	68825
	Не определен	41633
	Не определен	42825
	"Eagle Nutrionals, Inc." US	28993
	novartis Consumer Health	54811
	novartis Consumer Health	54667
	gSK Consumer Healthcare SA	65990
	gSK Consumer Healthcare SA	68380
	Не определен	46119
	novartis Consummer Health	55814
	Не определен	28997
	Не определен	28998
	Не определен	63252
	Не определен	66853
	Не определен	48484
	Не определен	51113
	Не определен	69724
	Не определен	69743
	Не определен	69743
	Не определен	69743
	glenmark Pharmaceuticals Ltd.	71803
	Не определен	60146
	Не определен	60146
	Не определен	30501
	Не определен	54166
	Не определен	65058
	Не определен	59598
	Не определен	33001
	Не определен	33001
	Не определен	49821
	Не определен	49821
	Не определен	49821
	Не определен	39824
	Не определен	39824
	Не определен	70672
	Не определен	71154
	Не определен	37177
	Не определен	31102
	Не определен	55198
	Не определен	31555
	Не определен	50035
	Не определен	50035
	Не определен	68113
	Не определен	68115
	Не определен	68114
	"Eagle Nutrionals, Inc." US	65074
	Не определен	64581
	Не определен	31579
	Не определен	49712
	Не определен	49712
	Не определен	31580
	Не определен	59650
	Не определен	64523
	Не определен	30831
	Не определен	30767
	Не определен	30767
	Не определен	71600
	Не определен	71844
	Не определен	64846
	Не определен	64845
	Не определен	72929
	Не определен	70089
	Не определен	34904
	Не определен	49588
	Не определен	49588
	Не определен	65012
	Не определен	72527
	Не определен	63256
	Не определен	57816
	Не определен	71712
	Не определен	30898
	Не определен	31148
	Не определен	63400
	Не определен	30826
	Не определен	43774
	Не определен	36698
	"Eagle Nutrionals, Inc." US	30960
	"Eagle Nutrionals, Inc." US	49587
	"Eagle Nutrionals, Inc." US	30875
	Не определен	71448
	Не определен	71448
	Не определен	71758
	Не определен	29005
	Не определен	66815
	Не определен	66277
	Не определен	49981
	Не определен	49981
	Не определен	49982
	Не определен	49980
	Не определен	29008
	Не определен	54316
	Не определен	54965
	Не определен	37508
	Не определен	70945
	Не определен	70945
	Не определен	70618
	gedeon Richter	66911
	Не определен	73202
	Не определен	62483
	Не определен	72493
	Не определен	73297
	Не определен	73298
	Не определен	30606
	Не определен	65156
	"Eagle Nutrionals, Inc." US	29026
	Не определен	67322
	Не определен	61327
	Не определен	60958
	Не определен	71369
	Не определен	63329
	Не определен	65123
	Не определен	62421
	Не определен	55097
	Не определен	61805
	Не определен	70917
	Не определен	70939
	Не определен	72851
	Не определен	70702
	Не определен	69428
	Не определен	55243
	Не определен	68984
	Не определен	65388
	Не определен	72811
	Не определен	72414
	Не определен	64302
	Не определен	53539
	Не определен	72473
	Не определен	72473
	Не определен	72474
	Не определен	68127
	Не определен	72475
	Не определен	72476
	Не определен	35352
	Не определен	35352
	Не определен	35352
	Не определен	66129
	Не определен	72121
	Не определен	67503
	babydrink	65897
	babydrink	65897
	Не определен	67033
	Не определен	68553
	Не определен	61711
	Не определен	61711
	Не определен	59581
	Не определен	57857
	Не определен	71809
	Не определен	67929
	Не определен	34693
	Не определен	60603
	Не определен	61917
	Не определен	66782
	Не определен	73282
	Не определен	50731
	Не определен	73321
	Не определен	29049
	Не определен	45030
	Не определен	45030
	Не определен	35893
	Не определен	62162
	Не определен	71042
	Не определен	72975
	Не определен	72975
	Не определен	69351
	Не определен	62835
	Не определен	72879
	Не определен	71409
	Не определен	70661
	Не определен	70898
	Не определен	71421
	Не определен	71421
	"Eagle Nutrionals, Inc." US	29053
	"Eagle Nutrionals, Inc." US	29053
	Не определен	69654
	Не определен	48072
	Не определен	66787
	Не определен	29057
	guangzhou Yiya Cosmetics Co., Ltd	72566
	Не определен	72519
	Не определен	72415
	Не определен	72367
	Не определен	70383
	Не определен	71362
	Не определен	70936
	Не определен	71200
	Не определен	37224
	Не определен	45166
	Не определен	66432
	Не определен	40308
	Не определен	72154
	sFM Hospital Products	72175
	Не определен	73253
	Не определен	71703
	Не определен	71703
	Не определен	72715
	Не определен	72715
	sFM Hospital Products	73229
	sFM Hospital Products	73230
	Не определен	72733
	sFM Hospital Products	68709
	Не определен	72741
	Не определен	72742
	Не определен	64385
	Не определен	64385
	Не определен	72042
	Не определен	72042
	Не определен	72048
	Не определен	72049
	Не определен	65699
	Не определен	50734
	Не определен	61977
	"Eagle Nutrionals, Inc." US	46738
	Не определен	73153
	Не определен	72111
	Не определен	72759
	Не определен	62815
	Не определен	62815
	sentiss Pharma PVT.LTD	72349
	Не определен	60782
	Не определен	68696
	"Eagle Nutrionals, Inc." US	49115
	Не определен	65050
	Не определен	44124
	Не определен	65249
	Не определен	66821
	Не определен	67679
	Не определен	68698
	Не определен	29086
	"Eagle Nutrionals, Inc." US	35859
	"Eagle Nutrionals, Inc." US	41245
	"Eagle Nutrionals, Inc." US	41245
	Не определен	72267
	Не определен	72267
	medana Pharma	62188
	Не определен	54449
	Не определен	71294
	Не определен	71294
	Не определен	58280
	Не определен	35753
	Не определен	35753
	Не определен	58186
	Не определен	58186
	Не определен	46965
	Не определен	71828
	Не определен	65977
	sanofi Aventis S.A.	70905
	Не определен	70223
	Не определен	70223
	Не определен	68614
	Не определен	68614
	Не определен	66400
	Не определен	69523
	Не определен	72732
	livepro (Guangzhou) Beauty Cosme	61135
	Не определен	69484
	Не определен	69484
	Не определен	69484
	Не определен	67074
	Не определен	72550
	hisamitsu Pharmaceutical Co. Ltd	67265
	hisamitsu Pharmaceutical Co. Ltd	67265
	Не определен	72887
	Не определен	69310
	Не определен	69311
	Не определен	64455
	biologische Heilmittel GmbH	69095
	Не определен	72255
	Не определен	62248
	Не определен	72272
	Не определен	32268
	Не определен	63724
	Не определен	40792
	Не определен	60130
	Не определен	60354
	Не определен	60354
	Не определен	60354
	Не определен	60354
	Не определен	60354
	Не определен	49555
	Не определен	66296
	Не определен	69635
	Не определен	69635
	Не определен	67111
	Не определен	73280
	Не определен	69636
	Не определен	69637
	Не определен	69637
	Не определен	67079
	Не определен	73264
	Не определен	71643
	Не определен	72029
	Не определен	65211
	Не определен	64785
	Не определен	64786
	Не определен	64786
	Не определен	72302
	Не определен	37365
	Не определен	33983
	Не определен	50986
	Не определен	42306
	Не определен	57069
	Не определен	71261
	pharmygiene-Scat	57308
	recordati	71009
	Не определен	34309
	Не определен	29144
	"Eagle Nutrionals, Inc." US	50439
	Не определен	69481
	Не определен	72983
	Не определен	29148
	Не определен	70630
	Не определен	44845
	Не определен	50791
	Не определен	50791
	Не определен	36921
	Не определен	61078
	"Eagle Nutrionals, Inc." US	42268
	Не определен	73330
	Не определен	41350
	Не определен	37366
	Не определен	47168
	Не определен	62192
	Не определен	29159
	Не определен	61463
	dr. Gerhard Mann	59216
	Не определен	29161
	Не определен	29162
	gedeon Richter	66655
	Не определен	71565
	Не определен	71565
	Не определен	29163
	Не определен	55224
	Не определен	41584
	Не определен	68464
	Не определен	34815
	Не определен	72375
	Не определен	70113
	Не определен	67735
	Не определен	55461
	Не определен	39028
	Не определен	39028
	Не определен	39028
	Не определен	32733
	Не определен	33286
	Не определен	33286
	Не определен	48676
	Не определен	48676
	Не определен	67944
	Не определен	44064
	Не определен	33005
	Не определен	60557
	Не определен	60557
	reckitt Benckiser Healthcare (UK)	72226
	reckitt Benckiser Healthcare (UK)	72226
	Не определен	66668
	Не определен	66668
	Не определен	29189
	Не определен	29192
	"Eagle Nutrionals, Inc." US	29193
	Не определен	29194
	Не определен	65774
	hebei Fenghe Biotechnology INC.,	72403
	Не определен	73331
	Не определен	48312
	hebei Fenghe Biotechnology INC.,	65603
	Не определен	73338
	Не определен	51820
	Не определен	72398
	zhejiang Huafu Medical Equipment	72755
	zhejiang Huafu Medical Equipment	72755
	Не определен	62577
	Не определен	71554
	Не определен	71151
	Не определен	71151
	Не определен	65140
	Не определен	65140
	Не определен	65155
	Не определен	64851
	Не определен	55076
	Не определен	70231
	Не определен	69832
	Не определен	70294
	Не определен	66122
	Не определен	69996
	medicProgress a.s	68519
	delpharm Lille S.a.S.	67045
	Не определен	50808
	Не определен	64099
	Не определен	29242
	Не определен	51028
	Не определен	64379
	Не определен	66041
	Не определен	66041
	Не определен	67224
	Не определен	67225
	Не определен	67930
	recordati	57572
	"Eagle Nutrionals, Inc." US	29262
	"Eagle Nutrionals, Inc." US	29262
	"Eagle Nutrionals, Inc." US	36142
	"Eagle Nutrionals, Inc." US	36142
	Не определен	54695
	protech Biosystems	73325
	Не определен	72404
	Не определен	72790
	"Eagle Nutrionals, Inc." US	35039
	"Eagle Nutrionals, Inc." US	35039
	"Eagle Nutrionals, Inc." US	30692
	Не определен	32949
	"Eagle Nutrionals, Inc." US	39962
	Не определен	29269
	Не определен	66260
	Не определен	66260
	Не определен	29271
	Не определен	29271
	Не определен	61673
	Не определен	30719
	Не определен	41993
	Не определен	72836
	Не определен	72819
	Не определен	61258
	Не определен	35907
	Не определен	38367
	Не определен	38368
	Не определен	62442
	Не определен	68829
	Не определен	68096
	Не определен	47297
	Не определен	47297
	Не определен	51632
	Не определен	29291
	Не определен	29292
	medical Technology Products,Inc	67053
	Не определен	68357
	Не определен	73101
	Не определен	34497
	Не определен	37966
	Не определен	72556
	Не определен	72497
	"Nutrilo GmbH"	32062
	Не определен	69796
	Не определен	59090
	Не определен	31218
	Не определен	35188
	Не определен	64578
	Не определен	69519
	Не определен	32049
	Не определен	40727
	Не определен	39820
	Не определен	31932
	Не определен	49952
	Не определен	34172
	Не определен	33031
	Не определен	71986
	Не определен	32608
	avizor	70802
	Не определен	71920
	Не определен	71916
	Не определен	71916
	Не определен	63125
	Не определен	63125
	Не определен	40955
	Не определен	72071
	Не определен	46724
	Не определен	73242
	Не определен	63931
	Не определен	57380
	Не определен	57380
	menarini-Von Heyden_	71728
	menarini A.	71726
	Не определен	67170
	Не определен	59079
	Не определен	59079
	Не определен	70176
	Не определен	29311
	Не определен	64561
	Не определен	64336
	Не определен	36640
	Не определен	36640
	Не определен	52461
	Не определен	37730
	Не определен	37730
	Не определен	37730
	Не определен	54355
	Не определен	54355
	Не определен	71603
	Не определен	64157
	Не определен	64044
	Не определен	67607
	Не определен	67607
	Не определен	68243
	shreya	67301
	Не определен	72904
	Не определен	73284
	Не определен	72004
	Не определен	71999
	Не определен	71999
	Не определен	71999
	Не определен	29316
	Не определен	68323
	Не определен	59467
	Не определен	62117
	Не определен	71222
	Не определен	71484
	Не определен	70138
	Не определен	70138
	Не определен	58425
	Не определен	66646
	Не определен	45102
	Не определен	38518
	Не определен	38518
	Не определен	38518
	Не определен	49567
	Не определен	61839
	Не определен	70284
	Не определен	70284
	famar	61483
	Не определен	72381
	sagmel Inc./Farmar S.A.	56371
	contract Pharmaceuticals Limited	61555
	Не определен	71718
	Не определен	71718
	Не определен	71719
	Не определен	66641
	Не определен	44964
	Не определен	68335
	pfizer/R-Pharm	63090
	Не определен	71859
	Не определен	42479
	Не определен	42479
	Не определен	69112
	Не определен	72075
	"Eagle Nutrionals, Inc." US	45060
	"Eagle Nutrionals, Inc." US	45060
	"Eagle Nutrionals, Inc." US	46263
	Не определен	72953
	delpharm Gaillard	71166
	delpharm Reims	55592
	delpharm Reims	72767
	Не определен	71181
	Не определен	71181
	Не определен	72774
	Не определен	72774
	Не определен	68228
	Не определен	68228
	Не определен	67659
	Не определен	67659
	Не определен	53194
	Не определен	72479
	Не определен	48264
	Не определен	63395
	Не определен	59747
	Не определен	59748
	Не определен	59748
	Не определен	72780
	Не определен	67998
	Не определен	29346
	Не определен	49403
	Не определен	71656
	Не определен	70538
	Не определен	72072
	Не определен	71679
	Не определен	71979
	Не определен	61826
	Не определен	72186
	Не определен	72186
	Не определен	30684
	dr.Reddy s	71300
	teva	72395
	Не определен	73182
	Не определен	73183
	Не определен	70932
	Не определен	72773
	Не определен	72773
	Не определен	73309
	Не определен	70721
	Не определен	70721
	Не определен	36753
	Не определен	61724
	Не определен	71163
	Не определен	71163
	Не определен	67035
	teva	72878
	merckle GmbH	73122
	Не определен	65936
	"Eurosirel s.r.l."	29362
	Не определен	73324
	Не определен	29371
	Не определен	29371
	Не определен	56546
	roche Diagnostics GmbH	29372
	Не определен	69286
	Не определен	69287
	Не определен	33740
	Не определен	41593
	jadran Galenskiy laboratorij	71830
	Не определен	46106
	Не определен	72508
	Не определен	70025
	Не определен	70025
	Не определен	63147
	Не определен	71967
	Не определен	72918
	Не определен	71412
	egis	65972
	egis	72684
	Не определен	72088
	Не определен	39984
	Не определен	69115
	Не определен	39876
	Не определен	43998
	Не определен	41097
	Не определен	70657
	Не определен	70658
	Не определен	70667
	Не определен	70651
	Не определен	70651
	Не определен	70665
	Не определен	67563
	Не определен	71351
	kRKA	66440
	Не определен	66698
	Не определен	65497
	Не определен	68793
	Не определен	34995
	Не определен	34995
	Не определен	55611
	world Medicine Ilac	68097
	Не определен	32741
	Не определен	32741
	s.C. Rompharm Company S.R.L.	69609
	Не определен	48943
	Не определен	54994
	Не определен	69928
	Не определен	42669
	Не определен	31526
	Не определен	29453
	Не определен	36091
	Не определен	41278
	Не определен	34403
	Не определен	31078
	Не определен	31917
	Не определен	31016
	Не определен	39955
	Не определен	71894
	Не определен	71227
	"Eagle Nutrionals, Inc." US	71444
	Не определен	30943
	Не определен	41318
	solgar Vitamin and Herb	65515
	Не определен	60914
	Не определен	70870
	Не определен	70871
	Не определен	31364
	<SUZHOU SUNMED CO.,LTD.>	31022
	"Nutrilo GmbH"	31021
	Не определен	31290
	Не определен	72696
	Не определен	31190
	Не определен	31189
	Не определен	44387
	dongguan Since Household Care Co., Ltd.	71331
	"NESTLE WATERS SUPPLY EST"	71449
	"NESTLE WATERS SUPPLY EST"	71452
	Не определен	72262
	Не определен	72262
	Не определен	72441
	Не определен	31825
	Не определен	36004
	Не определен	68442
	Не определен	71601
	Не определен	73047
	Не определен	61889
	Не определен	56981
	Не определен	66945
	Не определен	66946
	Не определен	62500
	Не определен	71566
	Не определен	63334
	Не определен	63334
	Не определен	72446
	floor, Building 21,Junyu Park, No.7 Zhen	69386
	Не определен	42557
	Не определен	42557
	Не определен	35553
	Не определен	57535
	Не определен	59386
	Не определен	57442
	Не определен	67386
	Не определен	44484
	Не определен	72656
	Не определен	55047
	Не определен	66338
	Не определен	72884
	Не определен	64696
	Не определен	73008
	Не определен	50893
	Не определен	48898
	Не определен	48898
	Не определен	63773
	Не определен	68687
	Не определен	65660
	Не определен	65660
	Не определен	66390
	Не определен	46726
	Не определен	63812
	Не определен	29417
	Не определен	57608
	Не определен	68594
	Не определен	70074
	Не определен	70911
	Не определен	71639
	Не определен	71802
	Не определен	56891
	Не определен	40545
	Не определен	40545
	Не определен	72880
	Не определен	29425
	Не определен	61705
	Не определен	32664
	Не определен	34022
	Не определен	34022
	Не определен	30635
	Не определен	61514
	Не определен	29429
	Не определен	47566
	Не определен	47566
	Не определен	47566
	"Eagle Nutrionals, Inc." US	29430
	Не определен	64164
	Не определен	29435
	Не определен	29438
	Не определен	29440
	Не определен	33876
	Не определен	33876
	Не определен	41390
	Не определен	41390
	Не определен	33731
	Не определен	32649
	Не определен	38903
	Не определен	38654
	Не определен	66928
	world Medicine Ilac	65862
	Не определен	73310
	actavis	55122
	actavis	55122
	"Eagle Nutrionals, Inc." US	49164
	Не определен	34845
	Не определен	65538
	Не определен	72826
	Не определен	71577
	Не определен	71961
	Не определен	29459
	Не определен	73085
	Не определен	73322
	Не определен	73323
	cipla	54671
	Не определен	47743
	Не определен	42358
	tZMO S.A.	65978
	tZMO S.A.	70816
	Не определен	64230
	Не определен	52416
	Не определен	45659
	Не определен	45659
	Не определен	72104
	Не определен	63684
	Не определен	69170
	Не определен	60369
	Не определен	66047
	Не определен	44184
	Не определен	64228
	Не определен	67586
	Не определен	70108
	Не определен	69585
	Не определен	50908
	Не определен	50478
	Не определен	49232
	Не определен	60290
	Не определен	40990
	Не определен	45141
	Не определен	72643
	Не определен	67445
	"Eagle Nutrionals, Inc." US	48608
	sopharma	72417
	Не определен	53556
	Не определен	71609
	actavis	73203
	Не определен	67623
	Не определен	67623
	Не определен	65270
	Не определен	65270
	Не определен	70317
	Не определен	72510
	Не определен	36967
	astrazeneca/Bristol Myers Squibb	56518
	Не определен	39897
	Не определен	32328
	Не определен	64930
	Не определен	71900
	Не определен	69581
	Не определен	71901
	Не определен	71231
	Не определен	73072
	Не определен	52150
	Не определен	52150
	gedeon Richter	68205
	Не определен	71506
	Не определен	70744
	Не определен	58167
	Не определен	58167
	Не определен	58167
	Не определен	34455
	Не определен	29482
	Не определен	65863
	Не определен	72939
	Не определен	29485
	Не определен	45660
	wiewelhove GmbH / Bionorica	65630
	Не определен	72601
	Не определен	65234
	Не определен	73224
	Не определен	68306
	Не определен	69617
	Не определен	30582
	Не определен	56692
	Не определен	56692
	Не определен	70052
	Не определен	70052
	Не определен	70974
	Не определен	70974
	Не определен	70975
	Не определен	70976
	Не определен	64250
	Не определен	66903
	Не определен	42675
	Не определен	50179
	Не определен	50179
	Не определен	72283
	Не определен	72340
	Не определен	73174
	Не определен	37020
	Не определен	37020
	Не определен	37020
	Не определен	29498
	Не определен	49908
	Не определен	50543
	Не определен	71838
	alcon-Couvreur	58686
	Не определен	33621
	vogt/Jiangsu Kanghula	61830
	Не определен	61119
	Не определен	62143
	Не определен	57093
	Не определен	71664
	Не определен	53139
	Не определен	71522
	Не определен	65310
	Не определен	69946
	Не определен	49849
	Не определен	69788
	k Universe Co.,Ltd.	67151
	beaufour Ipsen	63123
	Не определен	66472
	beaufour Ipsen	62357
	beaufour Ipsen	62357
	beaufour Ipsen	62357
	Не определен	66445
	Не определен	33102
	hemomont/Stada	59405
	hemomont/Stada	59405
	curida A.S.	67365
	Не определен	72692
	Не определен	72666
	Не определен	59661
	Не определен	73127
	Не определен	73128
	Не определен	32253
	solgar Vitamin and Herb	61698
	Не определен	40342
	Не определен	40342
	solgar Vitamin and Herb	61109
	solgar Vitamin and Herb	64791
	solgar Vitamin and Herb	59819
	solgar Vitamin and Herb	67353
	biologische Heilmittel Heel GmbH	71258
	Не определен	69560
	Не определен	33984
	Не определен	71608
	Не определен	68939
	Не определен	68939
	Не определен	68064
	Не определен	71904
	Не определен	61437
	Не определен	47562
	Не определен	59734
	Не определен	60424
	Не определен	32213
	Не определен	36824
	Не определен	29523
	Не определен	71829
	Не определен	32648
	Не определен	72005
	salutas Pharma Gmbh	70328
	salutas Pharma Gmbh	70328
	Не определен	71743
	Не определен	43198
	Не определен	33607
	Не определен	71156
	Не определен	71107
	Не определен	71467
	Не определен	49270
	Не определен	71036
	Не определен	72362
	Не определен	46609
	Не определен	65106
	Не определен	71825
	Не определен	29537
	balkanpharma	68383
	Не определен	48587
	Не определен	29539
	Не определен	69686
	Не определен	29540
	Не определен	72957
	Не определен	57819
	Не определен	62241
	Не определен	61850
	Не определен	44187
	Не определен	40714
	Не определен	70604
	Не определен	35801
	Не определен	71623
	Не определен	71168
	Не определен	71168
	Не определен	59174
	Не определен	59175
	Не определен	68739
	Не определен	55056
	Не определен	51331
	Не определен	41473
	Не определен	53743
	Не определен	33328
	Не определен	72652
	Не определен	72155
	Не определен	72827
	Не определен	71275
	Не определен	44664
	Не определен	44664
	Не определен	72585
	Не определен	35989
	Не определен	35989
	Не определен	68858
	Не определен	68789
	Не определен	47104
	Не определен	68240
	Не определен	70598
	Не определен	48443
	Не определен	48443
	Не определен	47052
	Не определен	71627
	Не определен	66191
	Не определен	70224
	Не определен	51442
	Не определен	51442
	biocosmetics	62790
	phytonet d.o.o.	70399
	Не определен	32789
	Не определен	36132
	Не определен	71662
	Не определен	42762
	Не определен	42762
	Не определен	67338
	biocosmetics	57170
	biocosmetics	58285
	reckitt Benckiser Healthcare (UK)	55445
	Не определен	29574
	Не определен	50170
	Не определен	50170
	reckitt Benckiser	60912
	reckitt Benckiser	60912
	reckitt Benckiser	29579
	Не определен	43009
	Не определен	29580
	Не определен	29580
	Не определен	51845
	Не определен	49499
	Не определен	67320
	Не определен	67320
	Не определен	69610
	Не определен	65321
	Не определен	62800
	Не определен	69370
	Не определен	71121
	Не определен	72683
	Не определен	38238
	Не определен	73314
	Не определен	56207
	Не определен	65578
	Не определен	58096
	Не определен	52309
	Не определен	64348
	Не определен	56343
	Не определен	67933
	Не определен	69595
	Не определен	68190
	Не определен	45505
	Не определен	66359
	Не определен	70907
	Не определен	73216
	Не определен	70092
	Не определен	70092
	Не определен	50786
	Не определен	66123
	Не определен	60947
	Не определен	66683
	Не определен	29603
	Не определен	68098
	polpharma Pharm.Works	68703
	Не определен	48858
	Не определен	42433
	Не определен	42433
	Не определен	69767
	Не определен	61732
	Не определен	61755
	Не определен	51066
	Не определен	53374
	Не определен	53374
	Не определен	58345
	"Eagle Nutrionals, Inc." US	49519
	"Eagle Nutrionals, Inc." US	49519
	Не определен	61835
	Не определен	61835
	Не определен	61644
	Не определен	63778
	Не определен	63778
	Не определен	69851
	Не определен	73045
	Не определен	70349
	dragenopharm	70343
	dragenopharm	70343
	Не определен	73140
	delpharm Gaillard	68002
	Не определен	68253
	Не определен	68253
	"Eagle Nutrionals, Inc." US	45908
	menarini A.	71633
	Не определен	61843
	Не определен	61843
	Не определен	29613
	Не определен	29614
	Не определен	35373
	egis	51443
	shreya	70683
	Не определен	46109
	Не определен	36304
	Не определен	64169
	Не определен	70890
	Не определен	73286
	Не определен	73285
	Не определен	49594
	Не определен	31856
	Не определен	72528
	Не определен	44167
	Не определен	31757
	Не определен	36814
	"Nutrilo GmbH"	72116
	"Nutrilo GmbH"	73030
	Не определен	49680
	Не определен	67917
	Не определен	66621
	Не определен	65033
	Не определен	63691
	Не определен	31276
	Не определен	63708
	Не определен	63710
	Не определен	65032
	Не определен	72931
	Не определен	65031
	Не определен	60076
	Не определен	70053
	Не определен	61504
	Не определен	31941
	Не определен	51896
	sopharma AD	72354
	solgar Vitamin and Herb	62716
	Не определен	48575
	Не определен	38897
	Не определен	38070
	Не определен	69650
	Не определен	29622
	Не определен	73016
	Не определен	73016
	Не определен	66747
	Не определен	72242
	Не определен	72242
	Не определен	71436
	Не определен	71436
	Не определен	69932
	Не определен	50619
	Не определен	69057
	cadila Pharmaceuticals Ltd.	72665
	cadila Pharmaceuticals Ltd.	72665
	Не определен	62993
	Не определен	63015
	Не определен	63015
	johnson@Johnson	54329
	Не определен	33160
	Не определен	39811
	Не определен	66006
	Не определен	69625
	Не определен	73158
	Не определен	66095
	Не определен	73339
	beaufour Ipsen	73238
	beaufour Ipsen	71434
	Не определен	71771
	Не определен	56642
	aziende Chimiche Riunite	63074
	Не определен	61728
	aziende Chimiche Riunite	54691
	aziende Chimiche Riunite	54691
	Не определен	39551
	Не определен	38189
	Не определен	72218
	Не определен	69692
	Не определен	69692
	Не определен	54680
	Не определен	53855
	Не определен	57349
	Не определен	60511
	Не определен	58781
	Не определен	43340
	Не определен	72522
	Не определен	61769
	Не определен	72523
	Не определен	59259
	Не определен	71055
	Не определен	71055
	Не определен	51701
	Не определен	71457
	Не определен	35795
	Не определен	73031
	Не определен	61039
	sanofi	69762
	zentiva/Leciva	70631
	Не определен	72730
	sanofi Ilac Sanayi ve Ticaret	69659
	Не определен	64331
	Не определен	61508
	Не определен	65574
	Не определен	72735
	Не определен	72735
	Не определен	72735
	Не определен	72735
	Не определен	68600
	Не определен	68600
	Не определен	54577
	Не определен	69511
	Не определен	66250
	laboratorios Liconsa S.A	69876
	laboratorios Liconsa S.A	71323
	Не определен	62725
	Не определен	29659
	Не определен	29659
	sopharma	67086
	essity Slovakia s.r.o	72672
	Не определен	29660
	Не определен	55937
	Не определен	37505
	Не определен	37505
	Не определен	72553
	Не определен	33961
	Не определен	73055
	Не определен	60750
	Не определен	61252
	Не определен	63462
	Не определен	36993
	Не определен	72860
	Не определен	73189
	Не определен	38573
	Не определен	43149
	Не определен	43149
	delpharm Reims	70720
	Не определен	51456
	Не определен	70196
	Не определен	68595
	Не определен	66755
	Не определен	67521
	Не определен	71116
	Не определен	71189
	"Eagle Nutrionals, Inc." US	42480
	suzhou Hengxiang Import & Export	58716
	Не определен	48266
	Не определен	73240
	Не определен	55040
	Не определен	73209
	Не определен	73209
	Не определен	45579
	Не определен	62649
	Не определен	57413
	Не определен	52849
	roche Diagnostics GmbH	60145
	Не определен	29688
	Не определен	29693
	biotech	69291
	Не определен	73019
	Не определен	50160
	Не определен	50160
	Не определен	70087
	Не определен	72462
	Не определен	30424
	Не определен	51290
	Не определен	63203
	Не определен	66167
	Не определен	65308
	pharmLine s.r.o	71699
	Не определен	70023
	"Eagle Nutrionals, Inc." US	49840
	Не определен	55369
	Не определен	61964
	Не определен	34219
	Не определен	34219
	Не определен	34010
	Не определен	34010
	Не определен	72316
	Не определен	52881
	Не определен	30460
	Не определен	60450
	Не определен	72408
	Не определен	29703
	Не определен	30247
	Не определен	62543
	famar Health Care Service	70075
	famar Health Care Service	70075
	famar Health Care Service	70075
	Не определен	72788
	Не определен	72788
	Не определен	72788
	Не определен	34676
	Не определен	35152
	Не определен	62820
	Не определен	62820
	dragenopharm	54947
	Не определен	29711
	Не определен	66028
	Не определен	71945
	Не определен	72998
	Не определен	64305
	Не определен	64843
	Не определен	48544
	Не определен	29717
	Не определен	71523
	Не определен	66170
	Не определен	29719
	Не определен	29719
	rompharm	55077
	aesica Pharmaceuticals	65142
	Не определен	34073
	Не определен	70573
	Не определен	66302
	Не определен	56884
	Не определен	56001
	Не определен	42752
	Не определен	65274
	Не определен	56201
	Не определен	52665
	b.Well Swiss AG	71625
	Не определен	29729
	Не определен	72463
	Не определен	73108
	Не определен	67539
	Не определен	73114
	Не определен	60272
	Не определен	58197
	egis	70764
	egis	66418
	egis	66419
	Не определен	73054
	Не определен	29735
	rompharm	60917
	mehta Herbals Pvt. Ltd.	66298
	Не определен	72247
	Не определен	72247
	Не определен	72352
	Не определен	51401
	Не определен	69728
	biologische Heilmittel GmbH	59570
	biologische Heilmittel GmbH	59570
	biologische Heilmittel GmbH	60273
	biologische Heilmittel Heel GmbH	72219
	biologische Heilmittel Heel GmbH	63128
	biologische Heilmittel Heel GmbH	63128
	Не определен	29748
	Не определен	29748
	Не определен	64345
	Не определен	67644
	Не определен	60310
	Не определен	73091
	Не определен	65707
	Не определен	71957
	Не определен	69986
	zentiva	59956
	Не определен	73049
	Не определен	52672
	Не определен	52672
	Не определен	52672
	Не определен	57008
	Не определен	71052
	Не определен	72669
	Не определен	72669
	Не определен	70525
	Не определен	67398
	Не определен	68978
	famar Orleans	71318
	famar	70374
	Не определен	68887
	Не определен	51839
	Не определен	66939
	Не определен	72264
	Не определен	55507
	Не определен	55288
	Не определен	73168
	Не определен	70680
	Не определен	68050
	Не определен	68050
	Не определен	55013
	Не определен	67882
	Не определен	61796
	aziende Chimiche Riunite	54841
	Не определен	62581
	aziende Chimiche Riunite	72709
	polpharma Pharm.Works	70329
	Не определен	67494
	Не определен	67494
	balkanpharma	60052
	sopharma AD	57573
	sopharma AD	57573
	vetProm AD	70180
	Не определен	64214
	Не определен	43540
	Не определен	43672
	r.Poon Medical Products	66923
	Не определен	38112
	Не определен	37606
	Не определен	37606
	Не определен	60706
	santen	61083
	Не определен	40021
	Не определен	57390
	Не определен	33342
	Не определен	34885
	Не определен	67985
	ultra Health Products Inc	73036
	Не определен	32324
	Не определен	32318
	Не определен	32316
	Не определен	31265
	Не определен	53848
	Не определен	31647
	Не определен	29811
	Не определен	32072
	Не определен	69216
	"Eagle Nutrionals, Inc." US	29793
	Не определен	52316
	Не определен	39438
	Не определен	43200
	jinYahong Fine Chemical Co Ltd	70365
	jinYahong Fine Chemical Co Ltd	70366
	Не определен	71582
	vetProm AD	71882
	Не определен	39488
	frenchi Products Inc	59425
	Не определен	32624
	frenchi Products Inc	61235
	frenchi Products Inc	65269
	Не определен	33715
	Не определен	58564
	Не определен	69600
	Не определен	36958
	Не определен	69347
	Не определен	69347
	Не определен	69794
	Не определен	63153
	Не определен	72305
	Не определен	49848
	Не определен	71927
	Не определен	70855
	Не определен	70855
	Не определен	68368
	Не определен	29814
	Не определен	58410
	Не определен	70772
	Не определен	66344
	Не определен	65350
	Не определен	36176
	recordati	54692
	recordati	71185
	Не определен	70694
	Не определен	54327
	Не определен	54327
	"PRVA KUPEL NA A.S."	39994
	Не определен	29819
	Не определен	67541
	Не определен	67776
	Не определен	67776
	Не определен	62288
	Не определен	29821
	Не определен	49338
	Не определен	61692
	Не определен	61692
	Не определен	73084
	Не определен	32538
	Не определен	69266
	Не определен	60807
	Не определен	60896
	Не определен	60896
	Не определен	69579
	Не определен	69580
	Не определен	70220
	Не определен	70220
	Не определен	72639
	Не определен	43888
	Не определен	57831
	Не определен	57831
	Не определен	30835
	Не определен	30837
	Не определен	30837
	Не определен	70747
	Не определен	66943
	Не определен	32038
	Не определен	61422
	Не определен	29911
	Не определен	63709
	Не определен	65587
	Не определен	71930
	Не определен	64172
	Не определен	30744
	Не определен	72234
	Не определен	68279
	Не определен	69694
	Не определен	71319
	bESINS HEALTHCARE MONACO S.A.M/ LABORATO	71941
	Не определен	52330
	Не определен	41992
	Не определен	29834
	temmler	55587
	Не определен	44229
	Не определен	43770
	Не определен	71863
	menarini A.	56271
	Не определен	35061
	Не определен	73195
	Не определен	72584
	Не определен	55471
	mylan Laboratories	54969
	Не определен	29841
	Не определен	29842
	Не определен	35940
	Не определен	72621
	Не определен	73092
	Не определен	68030
	Не определен	69251
	p&G Health Germany GmbH	62190
	p&G Health Germany GmbH	62909
	beograd sopot	29845
	labomar	63971
	Не определен	63972
	abbott Biologicals	66521
	Не определен	48652
	abbot	67527
	abbot	67527
	abbot	67610
	abbot	67610
	Не определен	69177
	olainFarm	54609
	Не определен	58053
	Не определен	68815
	Не определен	30698
	Не определен	29853
	Не определен	29853
	Не определен	60178
	Не определен	69936
	olainFarm	58269
	Не определен	65488
	Не определен	67268
	Не определен	52147
	Не определен	72536
	Не определен	72536
	uPSA	70899
	Не определен	49347
	Не определен	72853
	Не определен	72853
	Не определен	72278
	Не определен	58815
	Не определен	58815
	Не определен	66243
	Не определен	57150
	Не определен	57150
	Не определен	55189
	Не определен	67600
	Не определен	73104
	Не определен	69227
	Не определен	69227
	Не определен	73126
	Не определен	72400
	Не определен	71463
	sanofi	71874
	Не определен	73223
	lactose (India) Limited	71545
	lactose (India) Limited	71545
	Не определен	65668
	Не определен	65668
	Не определен	59490
	Не определен	73181
	Не определен	73053
	Не определен	53009
	Не определен	68994
	Не определен	71604
	Не определен	64296
	Не определен	62277
	Не определен	66738
	Не определен	58088
	Не определен	71578
	Не определен	34569
	Не определен	64611
	herbapol Warszawa	70984
	Не определен	72784
	Не определен	72196
	probiotics International Lt	69101
	probiotics International Lt	69101
	probiotics International Lt	69101
	Не определен	30352
	Не определен	45466
	Не определен	45933
	Не определен	47575
	Не определен	41399
	Не определен	41398
	Не определен	41398
	Не определен	41397
	Не определен	41396
	Не определен	40355
	Не определен	46767
	Не определен	56977
	Не определен	29885
	Не определен	42136
	Не определен	72372
	Не определен	72372
	Не определен	29890
	"Eagle Nutrionals, Inc." US	46344
	Не определен	72901
	Не определен	73001
	Не определен	72253
	Не определен	72254
	Не определен	72254
	Не определен	59795
	Не определен	64598
	Не определен	66508
	Не определен	29899
	Не определен	36000
	Не определен	29901
	Не определен	55870
	Не определен	70758
	la Dispensa S.r.l	62730
	farmaceutici Procemsa S.p.a	61676
	Не определен	72464
	Не определен	71748
	zambon	54858
	zambon	54751
	Не определен	65122
	Не определен	43718
	dompe Farmaceutici S.p.A.	72872
	dompe Farmaceutici S.p.A.	72872
	dompe Farmaceutici S.p.A.	72872
	Не определен	73093
	Не определен	29910
	Не определен	70167
	Не определен	54160
	g.L.Pharma Gmbh	58043
	Не определен	71782
	Не определен	66178
	Не определен	67898
	Не определен	67898
	jelfa	54509
	Не определен	38225
	Не определен	32177
	Не определен	67630
	Не определен	66854
	Не определен	67165
	Не определен	67165
	Не определен	68445
	Не определен	41805
	balkanpharma	72922
	Не определен	71645
	Не определен	61030
	Не определен	29917
	Не определен	29918
	Не определен	38334
	Не определен	66675
	Не определен	61618
	Не определен	61618
	steriPharm	62618
	beaufour Ipsen	54675
	Не определен	29923
	Не определен	29924
	Не определен	71795
	Не определен	65187
	Не определен	60239
	Не определен	60239
	polpharma Pharm.Works	61750
	Не определен	70639
	Не определен	73111
	Не определен	66967
	beaufour Ipsen Industry	72122
	Не определен	66173
	Не определен	45455
	pharmatis	72448
	pharmatis	72448
	Не определен	29929
	Не определен	72861
	Не определен	29930
	Не определен	58942
	Не определен	73021
	Не определен	55549
	Не определен	72401
	santen	59428
	atlas Link	35299
	atlas Link	35299
	Не определен	72286
	human/AXIOM Gesellschaft	56918
	Не определен	71746
	Не определен	69649
	Не определен	72689
	Не определен	59253
	Не определен	59253
	Не определен	60795
	Не определен	60409
	Не определен	60798
	Не определен	60799
	Не определен	60802
	Не определен	60802
	Не определен	69382
	Не определен	59052
	Не определен	71891
	Не определен	71892
	Не определен	35641
	Не определен	73164
	Не определен	51332
	Не определен	51332
	Не определен	73243
	Не определен	69628
	Не определен	56744
	Не определен	68456
	Не определен	71572
	Не определен	42137
	Не определен	29946
	Не определен	64109
	Не определен	55917
	Не определен	73308
	Не определен	70712
	Не определен	73075
	Не определен	72985
	Не определен	57603
	Не определен	29953
	Не определен	70051
	Не определен	70051
	Не определен	68178
	Не определен	60978
	Не определен	56968
	Не определен	72019
	leo Laboratories	60675
	Не определен	39495
	eagle Nutritionals	37506
	Не определен	50062
	Не определен	49745
	Не определен	66625
	Не определен	44440
	Не определен	72045
	Не определен	72046
	Не определен	72047
	Не определен	32035
	"Eagle Nutrionals, Inc." US	50814
	Не определен	48958
	Не определен	70645
	Не определен	70645
	Не определен	71145
	Не определен	34844
	Не определен	71543
	Не определен	50554
	merckle GmbH	71682
	merckle GmbH	71440
	merckle GmbH	71440
	ursapharm Arzneimittel/Stada	56935
	ursapharm Arzneimittel/Stada	56935
	Не определен	43210
	Не определен	43210
	Не определен	72993
	Не определен	67141
	Не определен	65087
	Не определен	65087
	Не определен	69987
	Не определен	67994
	Не определен	64689
	Не определен	63346
	Не определен	71760
	Не определен	65163
	Не определен	55384
	Не определен	69352
	Не определен	38707
	Не определен	38707
	Не определен	51834
	Не определен	43467
	Не определен	57975
	zentiva/Leciva	58214
	Не определен	57233
	Не определен	60471
	Не определен	60471
	Не определен	46226
	Не определен	54161
	Не определен	29977
	Не определен	29977
	Не определен	71130
	Не определен	68903
	Не определен	73315
	Не определен	69624
	Не определен	70337
	laboratoires Galeniques Vernin	73258
	Не определен	57276
	laboratoires Mayoly Spindler	68946
	laboratoires Galeniques Vernin	68206
	Не определен	31388
	Не определен	31215
	Не определен	63825
	Не определен	30899
	Не определен	31656
	Не определен	47544
	Не определен	47544
	Не определен	43152
	Не определен	65545
	pfizer/R-Pharm	72728
	pfizer	66665
	Не определен	69474
	protina Pharmazeutische GmbH	72791
	famar A.V.E	71840
	Не определен	69147
	Не определен	72579
	famar A.V.E	70102
	biologische Heilmittel Heel GmbH	72871
	Не определен	64198
	Не определен	29996
	ferrer Internacional_	70101
	ferrer Internacional_	70101
	ferrer Internacional_	69314
	ever Pharma Jena/Ever Neuro Phar	60438
	Не определен	61528
	Не определен	59621
	biologische Heilmittel Heel GmbH	62739
	Не определен	73317
	Не определен	38494
	Не определен	66190
	teva	73232
	Не определен	66778
	Не определен	30008
	Не определен	30008
	Не определен	57550
	Не определен	73035
	Не определен	71150
	Не определен	30010
	Не определен	59690
	Не определен	73050
	Не определен	73050
	Не определен	72775
	Не определен	49117
	Не определен	59569
	Не определен	68566
	Не определен	66519
	Не определен	50750
	Не определен	33453
	Не определен	71870
	Не определен	57376
	Не определен	41156
	Не определен	53191
	Не определен	70518
	Не определен	71094
	Не определен	71094
	Не определен	71094
	Не определен	69219
	Не определен	39235
	Не определен	59063
	Не определен	57688
	Не определен	72602
	Не определен	50355
	Не определен	73270
	Не определен	69531
	Не определен	39243
	Не определен	71512
	Не определен	37331
	Не определен	35131
	Не определен	57152
	Не определен	53010
	Не определен	65765
	Не определен	32841
	lundbeck	59045
	Не определен	35346
	Не определен	72912
	Не определен	69669
	Не определен	69973
	Не определен	69973
	Не определен	36979
	Не определен	42173
	Не определен	51450
	Не определен	30044
	Не определен	63248
	Не определен	72418
	cytomed Oy	54859
	Не определен	34407
	Не определен	37785
	Не определен	56107
	Не определен	47206
	Не определен	43765
	Не определен	43765
	Не определен	68744
	Не определен	30051
	Не определен	30052
	Не определен	30052
	Не определен	30054
	Не определен	30054
	Не определен	73206
	Не определен	71450
	"Nutrilo GmbH"	71451
	Не определен	40729
	Не определен	72569
	Не определен	33624
	Не определен	55737
	Не определен	37122
	Не определен	56040
	Не определен	72471
	Не определен	72471
	Не определен	44107
	Не определен	64859
	Не определен	70559
	Не определен	63389
	Не определен	63390
	Не определен	66267
	Не определен	69422
	Не определен	40534
	Не определен	63587
	Не определен	56197
	Не определен	60215
	Не определен	33812
	Не определен	35342
	Не определен	50880
	Не определен	71533
	Не определен	67671
	Не определен	42346
	Не определен	72644
	Не определен	56869
	Не определен	72641
	Не определен	72261
	Не определен	72924
	Не определен	68852
	Не определен	69615
	Не определен	69919
	Не определен	71190
	Не определен	69921
	Не определен	59525
	Не определен	45936
	Не определен	71192
	Не определен	71191
	Не определен	66483
	Не определен	66487
	Не определен	65999
	Не определен	72031
	Не определен	32504
	Не определен	39162
	Не определен	39164
	Не определен	39166
	Не определен	43283
	Не определен	43283
	Не определен	51025
	Не определен	33700
	Не определен	72874
	Не определен	55879
	Не определен	71211
	Не определен	73320
	Не определен	51012
	Не определен	51012
	Не определен	72944
	Не определен	62606
	Не определен	59509
	Не определен	64972
	Не определен	64972
	Не определен	42869
	Не определен	60830
	Не определен	36178
	Не определен	60313
	Не определен	60309
	Не определен	60309
	Не определен	66289
	Не определен	64962
	sFM Hospital Products	72976
	Не определен	54169
	sFM Hospital Products	73196
	Не определен	56686
	Не определен	46521
	Не определен	44245
	vogt Medical GmbH	72159
	Не определен	53011
	sF Medical Products GmbH	65642
	sFM Hospital Products	57770
	Не определен	49574
	Не определен	72596
	Не определен	72838
	Не определен	30120
	Не определен	30120
	sFM Hospital Products	70664
	Не определен	69430
	beijing Lepu Medical Technology Co., Ltd	71975
	Не определен	66680
	Не определен	49753
	Не определен	62083
	Не определен	62083
	Не определен	43316
	Не определен	70474
	Не определен	70474
	Не определен	70449
	Не определен	70449
	Не определен	70441
	Не определен	70451
	Не определен	70444
	Не определен	70444
	Не определен	70444
	Не определен	70446
	Не определен	70446
	Не определен	70450
	Не определен	70450
	Не определен	70452
	Не определен	70452
	Не определен	70453
	Не определен	70458
	Не определен	70458
	Не определен	70458
	Не определен	70460
	Не определен	70460
	Не определен	70460
	Не определен	70454
	Не определен	70454
	Не определен	70480
	Не определен	70455
	Не определен	70455
	Не определен	70484
	Не определен	70468
	Не определен	70470
	Не определен	70470
	Не определен	70462
	Не определен	70462
	Не определен	70464
	Не определен	70496
	Не определен	70496
	Не определен	70496
	Не определен	70494
	Не определен	70499
	Не определен	70499
	Не определен	70501
	Не определен	70503
	Не определен	70482
	Не определен	70482
	Не определен	70466
	Не определен	70466
	Не определен	70505
	Не определен	70505
	Не определен	70508
	Не определен	70508
	Не определен	70509
	Не определен	70510
	Не определен	70510
	Не определен	70511
	Не определен	70473
	Не определен	70473
	Не определен	70507
	Не определен	70513
	Не определен	70512
	Не определен	70512
	Не определен	70514
	Не определен	70514
	Не определен	70488
	Не определен	70488
	Не определен	70488
	Не определен	70492
	Не определен	70492
	Не определен	70490
	Не определен	70516
	Не определен	70516
	Не определен	70435
	Не определен	70435
	Не определен	70435
	Не определен	72714
	Не определен	31163
	Не определен	41600
	Не определен	57312
	and	32234
	Не определен	63711
	Не определен	71895
	Не определен	71896
	Не определен	30600
	Не определен	66944
	Не определен	64304
	Не определен	61891
	Не определен	41872
	Не определен	70334
	Не определен	65567
	Не определен	72905
	Не определен	72906
	Не определен	72445
	Не определен	66783
	Не определен	31762
	Не определен	44890
	Не определен	30123
	Не определен	69073
	Не определен	30124
	Не определен	72235
	Не определен	33610
	Не определен	30126
	Не определен	61667
	Не определен	61667
	Не определен	73070
	Не определен	69076
	Не определен	57527
	Не определен	30133
	Не определен	30134
	Не определен	62901
	Не определен	30136
	Не определен	35389
	Не определен	72025
	takeda	68935
	Не определен	66340
	Не определен	69483
	Не определен	65416
	Не определен	65416
	Не определен	70438
	Не определен	70438
	Не определен	54832
	Не определен	54832
	Не определен	54846
	Не определен	70424
	Не определен	70424
	Не определен	50384
	Не определен	50384
	Не определен	70426
	Не определен	70427
	Не определен	70427
	Не определен	39005
	Не определен	39005
	Не определен	39005
	Не определен	40151
	Не определен	40151
	Не определен	69695
	Не определен	69695
	Не определен	70431
	Не определен	70431
	Не определен	70432
	Не определен	70432
	Не определен	70434
	Не определен	70434
	Не определен	70439
	Не определен	70439
	Не определен	70440
	Не определен	70440
	Не определен	70442
	Не определен	70442
	Не определен	70447
	Не определен	70447
	Не определен	60529
	Не определен	70448
	Не определен	70448
	Не определен	70456
	Не определен	70456
	Не определен	70475
	Не определен	70475
	Не определен	70461
	Не определен	70461
	Не определен	70477
	Не определен	70465
	Не определен	70465
	Не определен	70467
	Не определен	70467
	Не определен	70469
	Не определен	70469
	Не определен	70459
	Не определен	70459
	Не определен	70459
	Не определен	70485
	Не определен	70471
	Не определен	70479
	Не определен	70479
	Не определен	70486
	Не определен	70486
	Не определен	70487
	Не определен	70487
	Не определен	70481
	Не определен	70481
	Не определен	70481
	Не определен	70472
	Не определен	70489
	Не определен	70489
	Не определен	70483
	Не определен	70483
	Не определен	70491
	Не определен	70491
	Не определен	70497
	Не определен	70498
	Не определен	70500
	Не определен	70500
	Не определен	70500
	Не определен	70500
	Не определен	70493
	Не определен	70493
	Не определен	70502
	Не определен	70502
	Не определен	70495
	Не определен	70504
	Не определен	70506
	Не определен	70506
	Не определен	70429
	Не определен	70429
	Не определен	70433
	Не определен	70433
	Не определен	70436
	Не определен	70436
	Не определен	70437
	Не определен	70437
	Не определен	70443
	Не определен	70445
	Не определен	70457
	Не определен	60324
	Не определен	64804
	Не определен	71207
	Не определен	61349
	Не определен	61349
	Не определен	61349
	Не определен	70881
	Не определен	70882
	Не определен	70883
	Не определен	44570
	Не определен	30145
	Не определен	66099
	Не определен	44736
	Не определен	71345
	Не определен	40020
	Не определен	69014
	Не определен	51342
	Не определен	51342
	Не определен	73139
	Не определен	73139
	Не определен	67634
	Не определен	71212
	Не определен	72729
	Не определен	71513
	Не определен	71631
	assure Tech. (Hangzhou) Co., Ltd	70158
	zigfrid Barber/Novartis Pharma	63653
	zigfrid Barber/Novartis Pharma	63653
	novartis Farmaceutica S.A.	54319
	Не определен	66174
	Не определен	72089
	berlimedS.A.	72624
	Не определен	52466
	Не определен	66885
	Не определен	43434
	medana Pharma	57807
	meda Manufacturing	73252
	Не определен	61140
	pfizer Manufacturing Deutschland	68245
	pfizer Manufacturing Deutschland	68245
	pfizer	68235
	Не определен	42771
	Не определен	68701
	Не определен	70577
	Не определен	70577
	Не определен	70577
	Не определен	67834
	Не определен	72719
	Не определен	72287
	Не определен	72288
	Не определен	30158
	Не определен	48313
	Не определен	37996
	Не определен	48572
	Не определен	60883
	Не определен	59207
	Не определен	59207
	Не определен	59207
	Не определен	68757
	Не определен	61482
	Не определен	61482
	Не определен	69699
	Не определен	71866
	Не определен	71866
	Не определен	69799
	Не определен	72910
	Не определен	72910
	Не определен	71342
	Не определен	72390
	Не определен	72390
	Не определен	65294
	Не определен	69138
	Не определен	41697
	Не определен	30406
	salutas Pharma Gmbh	71816
	salutas Pharma Gmbh	71816
	salutas Pharma Gmbh	71504
	salutas Pharma Gmbh	71519
	Не определен	71149
	Не определен	69836
	Не определен	30167
	Не определен	67211
	dr.Reddy s	71502
	dr.Reddy s	71005
	Не определен	69079
	Не определен	66984
	Не определен	30173
	Не определен	30173
	Не определен	45484
	Не определен	30177
	Не определен	67639
	Не определен	71335
	Не определен	49859
	Не определен	30183
	Не определен	63076
	Не определен	63076
	Не определен	70139
	Не определен	68216
	Не определен	38398
	Не определен	47324
	Не определен	30185
	Не определен	47325
	Не определен	30186
	Не определен	54281
	Не определен	54281
	Не определен	49867
	Не определен	32742
	Не определен	32742
	bosnalijek	68423
	bosnalijek	68423
	bosnalijek	66532
	Не определен	69380
	Не определен	30190
	Не определен	39508
	Не определен	71392
	Не определен	71391
	Не определен	30195
	Не определен	30196
	Не определен	53913
	Не определен	72902
	Не определен	65415
	Не определен	72889
	Не определен	57063
	organon	71538
	bayer Weimar	61581
	bayer Weimar	61581
	Не определен	70789
	Не определен	65610
	Не определен	67636
	Не определен	35025
	Не определен	71646
	Не определен	30211
	Не определен	34946
	polpharma Pharm.Works	73065
	Не определен	34178
	Не определен	34178
	catalent/Berlin-chemie	54951
	catalent/Berlin-chemie	67049
	Не определен	54571
	Не определен	45696
	Не определен	48370
	Не определен	48370
	famar Health Care Service	69304
	a.Nattermann	70121
	a.Nattermann	69984
	a.Nattermann	69984
	natterman & Cie GmbH	71744
	Не определен	73089
	Не определен	52172
	Не определен	72197
	gedeon Richter	67082
	Не определен	70623
	Не определен	61652
	Не определен	61652
	Не определен	51652
	"PRVA KUPEL NA A.S."	30219
	Не определен	66976
	Не определен	66976
	Не определен	72134
	Не определен	72134
	Не определен	66176
	Не определен	66177
	Не определен	32216
	Не определен	36680
	Не определен	68140
	Не определен	66124
	Не определен	71315
	Не определен	65376
	Не определен	69342
	merckle	65371
	Не определен	66245
	Не определен	70298
	Не определен	67062
	Не определен	65205
	Не определен	65205
	merckHealthcare KGaA	69588
	merckle GmbH	70368
	Не определен	66566
	Не определен	73110
	Не определен	67450
	Не определен	64889
	galderma	56298
	Не определен	72936
	Не определен	72936
	Не определен	64967
	Не определен	69717
	Не определен	52799
	Не определен	71435
	Не определен	71435
	Не определен	72909
	novartis Pharma	71259
	novartis Pharma	73218
	Не определен	41036
	Не определен	73241
	Не определен	71875
	Не определен	72661
	Не определен	71817
	Не определен	70994
	bayer Weimar	63115
